retailstoreid,famdesc,newfam,grudesc,repdesc,quantity,quantity_total,quantity_normalised,quantity_total_normalised
115,ACQUA NON GASSATA 101-150 CL,58256490,Acqua,Bevande,895535,2212575,0.1357414589,0.1004339006
115,ACQUA GASSATA ACQUA GASSATA   101-150 CL.,11625730,Acqua,Bevande,196114,620040,0.0297261419,0.0281450508
115,PANE FRESCO,61878801,PANE E PANIFICATI FRESCHI,Fresco,184667,458147,0.0279910534,0.0207963528
115,BIRRE ALCOLICHE BIONDA/CHIARA7LIGHT SOTTO I 6 GRADI,68970504,Birre,Bevande,112782,387457,0.017095025,0.0175875701
115,NUTRIZIONE GATTO UMIDO,97376269,PET CARE GATTO,PET CARE,99264,337447,0.015046023,0.0153175004
115,Latte Uht Parzialm. Scremato,81059960,LATTICINI UHT E ASSIM.,DROGHERIA,98399,472850,0.0149149099,0.021463756
115,REGALI CONCORSI COLLEZIONAMEN.,7673755,CODICI OPERATIVI,MAT.CONSUMO/PREMI/BUONI SCONTO,93254,291126,0.0141350522,0.013214883
115,BORSE HD,10966944,BORSE SPESA,MAT.CONSUMO/PREMI/BUONI SCONTO,88104,307836,0.0133544367,0.0139733886
115,PASTA SEMOLA NORM.ASCIUT.CORTA,92516781,Pasta,DROGHERIA,67644,215221,0.0102531953,0.0097693794
115,Mozzarelle Latte Vaccino,90208639,Formaggi,Fresco,62308,259359,0.0094443867,0.0117729053
115,BEVANDE BASE THE NORMALE,56691688,Bevande Piatte,Bevande,61225,175995,0.0092802301,0.0079888204
115,Grana E Simili Grattugiato,58030926,Formaggi,Fresco,47121,165792,0.0071424046,0.0075256826
115,ACQUA LIEV.GASSATA-ACQUA LIEV.GASSATA 101-150 CL.,46394353,Acqua,Bevande,45595,137012,0.0069110999,0.0062192918
115,PASTA SEMOLA NORM.ASCIUT.LUNGA,35990927,Pasta,DROGHERIA,44416,125213,0.006732392,0.0056837079
115,SALUMI INTERI/TRANCI COTTO,22783048,Salumi,Fresco,43678,170597,0.006620529,0.0077437927
115,ALTRI PIATTI PRONTI           SECONDI PIATTI RICOMPOSTI,51744635,Piatti Pronti/specialita,Fresco,40682,107460,0.0061664078,0.0048778581
115,Affettati Prosciutto Cotto,10014488,Salumi,Fresco,40443,160267,0.0061301812,0.0072748901
115,POMODORI SFUSI,88417069,VERDURA,ORTOFRUTTA,37299,112016,0.0056536268,0.0050846655
115,YOGURT INTERO FRUTTA,50398457,Yogurt,Fresco,36989,158618,0.0056066383,0.0072000382
115,BANANE SFUSE,11721148,FRUTTA,ORTOFRUTTA,36644,131282,0.0055543446,0.0059591939
115,SALUMI INTERI/TRANCI CRUDO,45465460,Salumi,Fresco,36173,116741,0.0054829524,0.0052991442
115,CARNE ROSSA BOVINO ADULTO,46508794,CARNE ROSSA,CARNE,35688,126307,0.0054094381,0.0057333671
115,ACQUA EFFERVESCENTE NATURALE  ACQUA EFFERV.NATUR. 101-150 CL,2679404,Acqua,Bevande,35499,91180,0.0053807903,0.0041388713
115,Cola Zucchero,21338132,Bevande Gassate,Bevande,33557,117282,0.0050864301,0.0053237014
115,TONNO SOTT' OLIO LATTA,88078619,Conserve Animali,DROGHERIA,33332,109225,0.0050523255,0.0049579756
115,CARNE BIANCA POLLAME POLLO,47357445,CARNE BIANCA,CARNE,32842,117810,0.0049780533,0.0053476686
115,Biscotti Frollini Classici,43651809,PROD. FORNO E CEREALI,DROGHERIA,32461,131562,0.0049203029,0.0059719037
115,NUTRIZIONE CANE UMIDO,45662665,PET CARE CANE,PET CARE,30722,120627,0.0046567126,0.0054755387
115,MELONI SFUSI,6241215,FRUTTA,ORTOFRUTTA,29469,80259,0.0044667881,0.0036431418
115,Crescenza Normale,77132956,Formaggi,Fresco,29395,88781,0.0044555715,0.0040299751
115,ZUCCHERO DA BARBIET.,74572944,Ingredienti Base,DROGHERIA,28013,124031,0.0042460937,0.0056300542
115,Grana E Simili Pezzi Interi,3771847,Formaggi,Fresco,25835,96153,0.0039159615,0.0043646072
115,PESCHE SFUSE,82824815,FRUTTA,ORTOFRUTTA,25725,63311,0.0038992882,0.0028738328
115,GRISSINI CLASSICI,44545043,Pane e Sostitutivi,DROGHERIA,24446,118340,0.0037054227,0.0053717265
115,UOVA GALLINA ALLEV.IN BATTERIA,40883085,Uova Fresche,Fresco,24393,113399,0.0036973892,0.0051474431
115,INSALATE MISTE (PI) IV GAMMA,72697794,VERDURA,ORTOFRUTTA,24154,68497,0.0036611625,0.0031092374
115,Biscotti Frollini Arricchiti,68636643,PROD. FORNO E CEREALI,DROGHERIA,23899,93637,0.0036225107,0.0042504002
115,Vino Doc/docg Italiano Rosso,7640627,Vino,Bevande,23535,73419,0.0035673371,0.0033326583
115,PASSATO DI POMODORO BOTT.VASO,26149724,DERIVATI DEL POMODORO,DROGHERIA,22680,78101,0.0034377398,0.0035451852
115,Latte Uht Intero,50458368,LATTICINI UHT E ASSIM.,DROGHERIA,22656,109950,0.003434102,0.004990885
115,PESCE FRESCO DA SPINA INTERI,93176735,PESCE FRESCO,PESCE,22415,56819,0.0033975722,0.0025791459
115,ZUCCHINE SFUSE,32132477,VERDURA,ORTOFRUTTA,22135,67761,0.0033551309,0.0030758286
115,Burro Normale,64571558,Condimenti Freschi,Fresco,21118,88670,0.0032009783,0.0040249365
115,Yogurt Bicompartim.Altri Gusti,54357601,Yogurt,Fresco,21026,82883,0.0031870334,0.0037622512
115,UVA BIANCA SFUSA,85477997,FRUTTA,ORTOFRUTTA,20975,61147,0.003179303,0.0027756039
115,PEPERONI SFUSI,56235578,VERDURA,ORTOFRUTTA,20962,58146,0.0031773325,0.0026393815
115,INSALATE TENERE(PI)IV GAMMA,55568282,VERDURA,ORTOFRUTTA,20577,78284,0.0031189758,0.003553492
115,UOVA DI GALLINA ALLEV.A TERRA,39349448,Uova Fresche,Fresco,20492,61220,0.0031060919,0.0027789175
115,Pasta Semola Specialita Corta,97529522,Pasta,DROGHERIA,20328,68801,0.0030812334,0.0031230366
115,Farine Grano Tenero,54507616,Ingredienti Base,DROGHERIA,20293,66667,0.0030759283,0.0030261694
115,NETTARINE SFUSE BIANCHE/GIALLE,25802672,FRUTTA,ORTOFRUTTA,19885,47219,0.0030140853,0.0021433797
115,POLPA DI POMODORO LATTINA,58941795,DERIVATI DEL POMODORO,DROGHERIA,19459,51074,0.002949514,0.0023183671
115,Formag.Tavola Gorgonzola,71275307,Formaggi,Fresco,18989,65975,0.0028782734,0.002994758
115,Affettati Prosciutto Crudo,27531662,Salumi,Fresco,18459,57694,0.0027979382,0.0026188642
115,Formag.Tavola Altri Da Tavola,3689929,Formaggi,Fresco,18218,87728,0.0027614084,0.003982177
115,LATTUGA SFUSA,51610679,VERDURA,ORTOFRUTTA,17779,58126,0.0026948666,0.0026384737
115,ACQUA NON GASSATA 0-50 CL,96152145,Acqua,Bevande,17667,46934,0.0026778901,0.0021304429
115,Carta Igienica Normale,22657999,Igienico Sanitari,Cura Persona,17581,60073,0.0026648546,0.0027268525
115,SALUMI INTERI/TRANCI SALAME,88597019,Salumi,Fresco,17248,64051,0.0026143799,0.0029074231
115,CAFFE' MACINATO NORMALE,95755415,Preparati Bevande Calde,DROGHERIA,16982,74467,0.0025740607,0.0033802295
115,PREPARATI CARNE TRITA BOVINO,76277893,PREPARATI,CARNE,16791,56490,0.0025451097,0.0025642119
115,Aranciata Zucchero,96135750,Bevande Gassate,Bevande,16688,56463,0.0025294974,0.0025629863
115,MERENDINE TRANCINI,60035825,PROD. FORNO E CEREALI,DROGHERIA,16459,70003,0.0024947865,0.0031775982
115,Maionese Normale,17481126,"Sughi,salse e Condimenti",DROGHERIA,16378,60683,0.0024825089,0.0027545418
115,CARAMELLE DURE/RIPIENE,24901164,Fuori Pasto Dolci,DROGHERIA,16227,62627,0.002459621,0.0028427845
115,PREPARATI SALSICCIA SUINO,94644082,PREPARATI,CARNE,15978,52298,0.0024218786,0.0023739273
115,Formag.Freschi Ind.Spalmabili,26330685,Formaggi,Fresco,15853,63574,0.0024029316,0.002885771
115,YOGURT INTERO ALTRI GUSTI,37724208,Yogurt,Fresco,15698,70065,0.0023794373,0.0031804125
115,Latte Fresco Parz. Scremato,77012854,Latte e Panna Fresca,Fresco,15679,54661,0.0023765574,0.0024811893
115,NETTARI E SIMILI BRIK<=20CL,18839585,Succhi Di Frutta,Bevande,15622,52491,0.0023679176,0.002382688
115,ACQUA NON GASSATA 151-200 CL,85414295,Acqua,Bevande,15086,29086,0.0022866729,0.0013202809
115,Wurstel Avicunicoli,50993151,Precotti,Fresco,14891,51738,0.0022571157,0.0023485076
115,Latte Fresco Intero,96278283,Latte e Panna Fresca,Fresco,14724,50317,0.0022318025,0.0022840051
115,BUCATO LAVATR./BIVAL.LIQU./GEL,44339731,Detergenza Bucato,Cura Casa,14524,51673,0.0022014873,0.0023455571
115,YOGURT FUNZIONALE REGOLARITA,66705147,Yogurt,Fresco,14498,53571,0.0021975464,0.0024317117
115,Fusi In Fette Normale,56879274,Formaggi,Fresco,14497,62964,0.0021973948,0.0028580817
115,YOGURT MAGRO FRUTTA,46357939,Yogurt,Fresco,14406,55335,0.0021836014,0.0025117837
115,Conservazione Contenitori vetr,1591060,Casalingo,BAZAR LEGGERO,14145,62343,0.0021440401,0.0028298931
115,Vino Comune Ital.Brick >50 Cl,1118286,Vino,Bevande,13866,48173,0.0021017504,0.002186684
115,SAL.INTER/TRANCI MORTADELLA,61731074,Salumi,Fresco,13739,42368,0.0020825003,0.0019231816
115,GELATI VASCH. DA 300 A 600  GR,24987128,Gelati,Freddo,13533,44070,0.0020512757,0.0020004393
115,Tovaglioli Di Carta 2 Veli,64534517,USA E GETTA,Cura Casa,13507,43670,0.0020473347,0.0019822824
115,PATATE (PI) ALTRE,18663234,VERDURA,ORTOFRUTTA,13500,37883,0.0020462737,0.0017195971
115,MERENDINE CROISSANT,68153127,PROD. FORNO E CEREALI,DROGHERIA,13483,46555,0.0020436969,0.0021132392
115,Carta Igienica Rotoloni,92252188,Igienico Sanitari,Cura Persona,13450,56486,0.0020386949,0.0025640303
115,Affettati Bresaola,38021642,Salumi,Fresco,13038,40377,0.0019762456,0.0018328055
115,Carne In Scatola Con Gelatina,23689609,Conserve Animali,DROGHERIA,12981,34567,0.0019676058,0.0015690761
115,OLIO EXTRAVER.DI OLIVA NORMALI,35838567,Olio Aceto Succo Limone,DROGHERIA,12926,36910,0.0019592691,0.0016754303
115,SALUMI INTERI/TRANCI ALTRI,21170166,Salumi,Fresco,12735,47907,0.0019303182,0.0021746096
115,Vino Doc/docg Italiano Bianco,80569809,Vino,Bevande,12670,37171,0.0019204657,0.0016872777
115,ANGURIE SFUSE,40851917,FRUTTA,ORTOFRUTTA,12632,28287,0.0019147059,0.0012840124
115,ASCIUGAMA.ROTOLI CARTA NORMALI,57644540,USA E GETTA,Cura Casa,12568,46611,0.001905005,0.0021157812
115,ROTOLI CARTA MAXI,74466173,USA E GETTA,Cura Casa,12120,40029,0.001837099,0.001817009
115,CARNE ROSSA SUINO,3277462,CARNE ROSSA,CARNE,12094,51935,0.0018331581,0.0023574499
115,WURSTEL PURO SUINO,53822787,Precotti,Fresco,11841,39990,0.0017948094,0.0018152387
115,Gelati Multipack Cono,20426951,Gelati,Freddo,11679,35057,0.0017702541,0.0015913184
115,PREPARATI CRUDI POLLAME,77392600,PREPARATI,CARNE,11598,36435,0.0017579765,0.001653869
115,Candeggina Classica,71950625,Cura Tessuti,Cura Casa,11529,35880,0.0017475177,0.0016286762
115,SUGHI PRONTI FRESCHI PESTO,38967877,Piatti Pronti/specialita,Fresco,11178,39038,0.0016943146,0.0017720252
115,CAROTE SFUSE,65302358,VERDURA,ORTOFRUTTA,10925,41334,0.0016559659,0.0018762459
115,Pasta Semola Brodi/minestrine,11838984,Pasta,DROGHERIA,10892,46472,0.0016509639,0.0021094716
115,SUGHI PRONTI BASI BASE POMODORO,45322762,"Sughi,salse e Condimenti",DROGHERIA,10861,46085,0.0016462651,0.0020919048
115,ALTRI FORM.FRESCHI TOMINI,81146740,Formaggi,Fresco,10859,47230,0.0016459619,0.002143879
115,DEODORANTI/ANTIODORE PERSONA  FUNZIONALI,94346029,Igiene Personale,Cura Persona,10838,40560,0.0016427788,0.0018411123
115,SUCCHI 100% BRICK > 21 CL,32841385,Succhi Di Frutta,Bevande,10728,28004,0.0016261055,0.0012711664
115,PREPARATI PER DESSERT/BUDINI  CREME DA TAVOLA,90416260,Ingredienti Base,DROGHERIA,10672,48792,0.0016176172,0.0022147818
115,FRAGOLE NAZIONALI,14884513,FRUTTA,ORTOFRUTTA,10552,32487,0.0015994281,0.0014746601
115,YOGURT MAGRO BIANCO,42080466,Yogurt,Fresco,10460,35907,0.0015854832,0.0016299018
115,LATTE FRESCO LATTE MICROFILTRATO ALTA DIGERIBILITA',28509230,Latte e Panna Fresca,Fresco,10398,20923,0.0015760855,0.0009497434
115,Basi Pasta Sfoglia,11084262,Altri Prodotti Freschi,Fresco,10375,51225,0.0015725992,0.0023252213
115,Affettati Salame,79542966,Salumi,Fresco,10349,37830,0.0015686582,0.0017171913
115,Formag.Tavola Fontina/fontal,34810487,Formaggi,Fresco,10338,45036,0.0015669909,0.0020442883
115,Pasta Fre.Non Rip. Gnocchi,9695733,Pasta Fresca,Fresco,10307,37816,0.0015622921,0.0017165558
115,MELANZANE SFUSE,23585774,VERDURA,ORTOFRUTTA,10222,30812,0.0015494081,0.001398628
115,Bagno/doccia Schiuma Bagnosch.,48185630,Igiene Personale,Cura Persona,10086,37832,0.0015287938,0.001717282
115,BEV.FRUTTA 30-99% BRIC>20CL,27577819,Succhi Di Frutta,Bevande,9998,28219,0.0015154551,0.0012809257
115,PASTICCERIA FRESCA,29432951,PANE E PANIFICATI FRESCHI,Fresco,9952,51139,0.0015084826,0.0023213176
115,BEV.FRUTTA 12-29% PET  >20CL,27999283,Succhi Di Frutta,Bevande,9781,26841,0.0014825632,0.0012183751
115,TAV.BARR.CIOCCOLATO FONDENTE,44301377,Fuori Pasto Dolci,DROGHERIA,9776,46621,0.0014818053,0.0021162351
115,Formag.Tavola Maasdam,85754601,Formaggi,Fresco,9728,36791,0.0014745297,0.0016700286
115,Panna Uht Da Cucina,49810232,LATTICINI UHT E ASSIM.,DROGHERIA,9600,51340,0.0014551279,0.0023304414
115,Wafers Semplici,52620069,PROD. FORNO E CEREALI,DROGHERIA,9543,35210,0.0014464881,0.0015982634
115,ALBICOCCHE SFUSE,31149953,FRUTTA,ORTOFRUTTA,9518,26617,0.0014426987,0.0012082072
115,Assorbenti Esterni Ultra,36849696,Igienico Sanitari,Cura Persona,9514,37440,0.0014420924,0.0016994883
115,OLIO DI OLIVA DA 76 CL-100  CL,71781717,Olio Aceto Succo Limone,DROGHERIA,9474,49058,0.0014360294,0.0022268562
115,ACCES.TAVOLA USA GETTA PIATTI,33504769,USA E GETTA,Cura Casa,9458,25129,0.0014336042,0.0011406635
115,FAZZOLETTI DI CARTA PACCHETTO,40096633,Igienico Sanitari,Cura Persona,9398,38206,0.0014245096,0.0017342588
115,CIPOLLE SFUSE,33438996,VERDURA,ORTOFRUTTA,9300,27805,0.0014096552,0.0012621333
115,Cereali Prima Colaz.Arricchiti,287710,PROD. FORNO E CEREALI,DROGHERIA,9292,31582,0.0014084426,0.0014335801
115,CONFETTURE/SPALMABILI FRUTTA  NORMALI VASETTO,25821900,Spalmabili Dolci,DROGHERIA,9285,30856,0.0014073816,0.0014006253
115,INTEGRATORI/ACQUE AROMATIZZAT INTEGRATORI SALINI,80737326,Bevande Piatte,Bevande,9264,28754,0.0014041985,0.0013052106
115,YOGURT INTERO BIANCO,1613027,Yogurt,Fresco,9207,32155,0.0013955586,0.0014595899
115,Pasticceria Altra Unitipo,83809081,PROD. FORNO E CEREALI,DROGHERIA,9173,34578,0.0013904051,0.0015695755
115,BEV.FRUTTA 30-99% PET >20CL,46404401,Succhi Di Frutta,Bevande,9170,25534,0.0013899503,0.0011590474
115,Latte Uht Scremato,64548417,LATTICINI UHT E ASSIM.,DROGHERIA,9082,25268,0.0013766117,0.001146973
115,Stoviglie Mano Liquido Normale,16032664,Detergenti Stoviglie,Cura Casa,9001,34296,0.001364334,0.0015567748
115,SAPONI PERSONA LIQUIDI,25820799,Igiene Personale,Cura Persona,8988,31915,0.0013623635,0.0014486957
115,NETTARI E SIMILI PET >20CL,69929643,Succhi Di Frutta,Bevande,8922,28625,0.0013523595,0.001299355
115,CAROTE (PI) CAROTE,35605830,VERDURA,ORTOFRUTTA,8910,27956,0.0013505406,0.0012689875
115,Altre Bevande Gassate Chinotto,33922227,Bevande Gassate,Bevande,8907,21338,0.0013500859,0.0009685812
115,CETRIOLI SFUSI,63535514,VERDURA,ORTOFRUTTA,8819,18612,0.0013367472,0.0008448418
115,Cola No Zucchero/rcc,52010543,Bevande Gassate,Bevande,8806,22643,0.0013347767,0.0010278182
115,CARNE BIANCA TACCHINO,4368772,CARNE BIANCA,CARNE,8804,22965,0.0013344736,0.0010424345
115,CARAMELLE GOMMOSE,26356892,Fuori Pasto Dolci,DROGHERIA,8803,32361,0.001334322,0.0014689407
115,Affettati Mortadella,89192625,Salumi,Fresco,8706,30401,0.0013196192,0.0013799718
115,MELE GOLDEN SFUSE,47306316,FRUTTA,ORTOFRUTTA,8687,27810,0.0013167392,0.0012623603
115,PICCOLE SUPERFICI SGRASSATORI,68062505,Detergenti Superfici,Cura Casa,8620,31653,0.0013065836,0.0014368029
115,STOVIGLIE MANO LIQU.ALTRE PROF,69965380,Detergenti Stoviglie,Cura Casa,8603,28137,0.0013040068,0.0012772036
115,Patatine Normali,19997938,Fuori Pasto Salati,DROGHERIA,8558,32032,0.0012971859,0.0014540066
115,PREPARATI PER BRODO TAVOLETTA,2304709,Insaporitori,DROGHERIA,8543,28752,0.0012949123,0.0013051198
115,Biscotti Frollini Integrali,56773023,PROD. FORNO E CEREALI,DROGHERIA,8440,31547,0.0012793,0.0014319914
115,Sale Grosso,58457814,Insaporitori,DROGHERIA,8428,29975,0.0012774811,0.0013606346
115,Gomme Da Masticare Senza Zucch.,90546497,Fuori Pasto Dolci,DROGHERIA,8427,40842,0.0012773295,0.0018539129
115,AMMORBIDENTI TRADIZIONALE,33883865,Cura Tessuti,Cura Casa,8424,27857,0.0012768748,0.0012644937
115,AGLIO (PI) BIANCO,37233855,VERDURA,ORTOFRUTTA,8371,23750,0.0012688413,0.0010780675
115,PANE INDUSTRIALE MEDIA-LUNGA BIANCO,77688194,Pane e Sostitutivi,DROGHERIA,8348,33271,0.001265355,0.0015102477
115,ALTRI PIATTI PRONTI INSALATE,90955358,Piatti Pronti/specialita,Fresco,8342,37328,0.0012644456,0.0016944043
115,RICOTT.VACCINA DA 101 A 250 GR,31312918,Formaggi,Fresco,8321,35080,0.0012612625,0.0015923624
115,AROMI ED ERBE FRESCHE SFUSE,67238837,VERDURA,ORTOFRUTTA,8292,19654,0.0012568668,0.0008921406
115,Vino Comune Ital.Vetro 0-75 Cl,43819499,Vino,Bevande,8268,20874,0.0012532289,0.0009475192
115,ACQUA NON GASSATA 51-100 CL,55883936,Acqua,Bevande,8161,20824,0.0012370103,0.0009452496
115,Altre Bevande Gassate Limonata,1875940,Bevande Gassate,Bevande,8054,25956,0.0012207917,0.0011782029
115,TAV.BARR.CIOCCOLATO LATTE,78350478,Fuori Pasto Dolci,DROGHERIA,8036,40883,0.0012180634,0.001855774
115,ACCES.TAVOLA USA GETTA BICCH.,69624376,USA E GETTA,Cura Casa,8028,24455,0.0012168507,0.0011100691
115,LATTE FRESCO ALTA QUALITA',20950929,Latte e Panna Fresca,Fresco,7974,20383,0.0012086657,0.0009252315
115,FETTE BISCOTTATE LAGACCIO,74393446,PROD. FORNO E CEREALI,DROGHERIA,7933,25520,0.001202451,0.0011584119
115,ACQUA GASSATA ACQUA GASSATA   0-50 CL.,66317038,Acqua,Bevande,7874,22841,0.0011935081,0.0010368059
115,PREPARATI PRECOTTI POLLAME,48673450,PREPARATI,CARNE,7846,27524,0.0011892639,0.0012493781
115,FRUTTA CONS.PUREA DI FRUTTA,91125928,FRUTTA CONSERVATA,DROGHERIA,7810,37819,0.0011838072,0.0017166919
115,Fette Biscottate Normali,14593605,PROD. FORNO E CEREALI,DROGHERIA,7776,31248,0.0011786536,0.001418419
115,Surg.vegetali Zuppe Minestr.,9794987,Surgelati,Freddo,7701,22546,0.0011672854,0.0010234151
115,Affettati Arrosti,79069241,Salumi,Fresco,7634,28533,0.0011571299,0.0012951789
115,YOGURT FUNZION.RINFORZA/DIFESA,35258972,Yogurt,Fresco,7618,35452,0.0011547047,0.0016092483
115,SOSTITUT.PANE FRESCO FOCACCIA,52519409,Altri Prodotti Freschi,Fresco,7546,23926,0.0011437912,0.0010860565
115,Altre Bevande Gass.Altri Gusti,93605270,Bevande Gassate,Bevande,7542,23824,0.0011431849,0.0010814265
115,Dentifrici Generici,18265177,Igiene Orale,Cura Persona,7511,25244,0.001138486,0.0011458836
115,BEVANDE BASE THE DETEINATO,5011549,Bevande Piatte,Bevande,7496,21617,0.0011362124,0.0009812457
115,Pasta Fre.Non Rip.Pasta Uovo,71303463,Pasta Fresca,Fresco,7495,33608,0.0011360608,0.0015255449
115,SNACKS DOLCI BASE WAFER,42435300,Fuori Pasto Dolci,DROGHERIA,7486,33788,0.0011346966,0.0015337155
115,OLIVE NERE,83413489,VEGETALI CONSERVATI,DROGHERIA,7412,22121,0.00112348,0.0010041234
115,NUTRIZIONE GATTO SECCO,41436437,PET CARE GATTO,PET CARE,7344,33617,0.0011131729,0.0015259534
115,Mozzarelle Bufala,68465968,Formaggi,Fresco,7329,22255,0.0011108992,0.001010206
115,Bagno/doccia Schiuma Docciasch,37610832,Igiene Personale,Cura Persona,7203,21228,0.0010918007,0.0009635881
115,Gelati Multipack Stecco,24702461,Gelati,Freddo,7183,21465,0.0010887692,0.000974346
115,CREME SPALMABILI DOLCI BARATTOLO,38435072,Spalmabili Dolci,DROGHERIA,7127,28484,0.0010802809,0.0012929547
115,Altre Bevande Gassate Tonica,52490212,Bevande Gassate,Bevande,7121,20080,0.0010793715,0.0009114777
115,POMODORI (PI) CILIEGINO,37130126,VERDURA,ORTOFRUTTA,7105,21252,0.0010769463,0.0009646775
115,Surgelati Pizza Classica,64829506,Surgelati,Freddo,7104,27897,0.0010767947,0.0012663094
115,Aceto Standard,97343759,Olio Aceto Succo Limone,DROGHERIA,7066,27097,0.0010710348,0.0012299956
115,SOSTITUT.LATTE UHT-LATTE SOIA,20443328,LATTICINI UHT E ASSIM.,DROGHERIA,7062,22988,0.0010704285,0.0010434785
115,SNACKS DOLCI BASE CEREALE,96509151,Fuori Pasto Dolci,DROGHERIA,7049,29392,0.001068458,0.0013341709
115,FINOCCHIO SFUSI,67480441,VERDURA,ORTOFRUTTA,7048,26927,0.0010683064,0.0012222789
115,Panetti Croccanti Altri Tipi,88614303,Pane e Sostitutivi,DROGHERIA,7015,23514,0.0010633044,0.0010673549
115,Dentifrici Protezione Completa,88791847,Igiene Orale,Cura Persona,6988,25678,0.0010592119,0.0011655839
115,Quaderni e blocchi,81598410,Cancelleria,BAZAR LEGGERO,6968,19396,0.0010561804,0.0008804293
115,LIEVITO DI BIRRA,78874567,Altri Prodotti Freschi,Fresco,6937,26874,0.0010514815,0.0012198731
115,Formag.Tavola A Crosta Fiorita,22674355,Formaggi,Fresco,6911,28891,0.0010475405,0.0013114294
115,Salumi Quadr.Pancetta Affumic,47752116,Salumi,Fresco,6861,25051,0.0010399618,0.0011371229
115,SALUMI INTERI/TRANCI ARROSTI,22211191,Salumi,Fresco,6830,26564,0.0010352629,0.0012058014
115,PANETTI CROCCANTI GALLETTE,82595904,Pane e Sostitutivi,DROGHERIA,6743,21338,0.0010220758,0.0009685812
210,ACCES.TAVOLA USA GETTA BICCH.,69624376,USA E GETTA,Cura Casa,7170,24455,0.0011052625,0.0011100691
210,ACCES.TAVOLA USA GETTA PIATTI,33504769,USA E GETTA,Cura Casa,5687,25129,0.0008766566,0.0011406635
210,ACQUA EFFERVESCENTE NATURALE  ACQUA EFFERV.NATUR. 101-150 CL,2679404,Acqua,Bevande,30341,91180,0.0046770946,0.0041388713
210,ACQUA GASSATA ACQUA GASSATA   0-50 CL.,66317038,Acqua,Bevande,8003,22841,0.0012336702,0.0010368059
210,ACQUA GASSATA ACQUA GASSATA   101-150 CL.,11625730,Acqua,Bevande,188474,620040,0.0290534498,0.0281450508
210,ACQUA LIEV.GASSATA-ACQUA LIEV.GASSATA 101-150 CL.,46394353,Acqua,Bevande,42087,137012,0.0064877519,0.0062192918
210,ACQUA NON GASSATA 0-50 CL,96152145,Acqua,Bevande,15653,46934,0.0024129251,0.0021304429
210,ACQUA NON GASSATA 101-150 CL,58256490,Acqua,Bevande,348819,2212575,0.0537707871,0.1004339006
210,ACQUA NON GASSATA 151-200 CL,85414295,Acqua,Bevande,6826,29086,0.0010522345,0.0013202809
210,ACQUA NON GASSATA 51-100 CL,55883936,Acqua,Bevande,5958,20824,0.0009184315,0.0009452496
210,AGLIO (PI) BIANCO,37233855,VERDURA,ORTOFRUTTA,6615,23750,0.0010197087,0.0010780675
210,ALBICOCCHE SFUSE,31149953,FRUTTA,ORTOFRUTTA,6994,26617,0.0010781319,0.0012082072
210,ALTRI FORM.FRESCHI TOMINI,81146740,Formaggi,Fresco,17494,47230,0.0026967171,0.002143879
210,ALTRI PIATTI PRONTI           SECONDI PIATTI RICOMPOSTI,51744635,Piatti Pronti/specialita,Fresco,32394,107460,0.0049935665,0.0048778581
210,ALTRI PIATTI PRONTI INSALATE,90955358,Piatti Pronti/specialita,Fresco,13797,37328,0.0021268209,0.0016944043
210,AMMORBIDENTI TRADIZIONALE,33883865,Cura Tessuti,Cura Casa,7993,27857,0.0012321287,0.0012644937
210,ANGURIE SFUSE,40851917,FRUTTA,ORTOFRUTTA,8483,28287,0.0013076627,0.0012840124
210,AROMI ED ERBE FRESCHE SFUSE,67238837,VERDURA,ORTOFRUTTA,3390,19654,0.0005225718,0.0008921406
210,ASCIUGAMA.ROTOLI CARTA NORMALI,57644540,USA E GETTA,Cura Casa,14654,46611,0.0022589283,0.0021157812
210,Aceto Standard,97343759,Olio Aceto Succo Limone,DROGHERIA,8228,27097,0.0012683542,0.0012299956
210,Affettati Arrosti,79069241,Salumi,Fresco,7737,28533,0.0011926661,0.0012951789
210,Affettati Bresaola,38021642,Salumi,Fresco,11156,40377,0.0017197082,0.0018328055
210,Affettati Mortadella,89192625,Salumi,Fresco,7363,30401,0.0011350136,0.0013799718
210,Affettati Prosciutto Cotto,10014488,Salumi,Fresco,51942,160267,0.0080069097,0.0072748901
210,Affettati Prosciutto Crudo,27531662,Salumi,Fresco,15842,57694,0.0024420597,0.0026188642
210,Affettati Salame,79542966,Salumi,Fresco,11830,37830,0.001823606,0.0017171913
210,Altre Bevande Gass.Altri Gusti,93605270,Bevande Gassate,Bevande,7243,23824,0.0011165155,0.0010814265
210,Altre Bevande Gassate Chinotto,33922227,Bevande Gassate,Bevande,5798,21338,0.0008937673,0.0009685812
210,Altre Bevande Gassate Limonata,1875940,Bevande Gassate,Bevande,8713,25956,0.0013431174,0.0011782029
210,Altre Bevande Gassate Tonica,52490212,Bevande Gassate,Bevande,5723,20080,0.000882206,0.0009114777
210,Aranciata Zucchero,96135750,Bevande Gassate,Bevande,19206,56463,0.0029606235,0.0025629863
210,Assorbenti Esterni Ultra,36849696,Igienico Sanitari,Cura Persona,13061,37440,0.0020133658,0.0016994883
210,BANANE SFUSE,11721148,FRUTTA,ORTOFRUTTA,39410,131282,0.0060750897,0.0059591939
210,BEV.FRUTTA 12-29% PET  >20CL,27999283,Succhi Di Frutta,Bevande,8106,26841,0.0012495478,0.0012183751
210,BEV.FRUTTA 30-99% BRIC>20CL,27577819,Succhi Di Frutta,Bevande,7551,28219,0.001163994,0.0012809257
210,BEV.FRUTTA 30-99% PET >20CL,46404401,Succhi Di Frutta,Bevande,6761,25534,0.0010422147,0.0011590474
210,BEVANDE BASE THE DETEINATO,5011549,Bevande Piatte,Bevande,6697,21617,0.001032349,0.0009812457
210,BEVANDE BASE THE NORMALE,56691688,Bevande Piatte,Bevande,49253,175995,0.0075923977,0.0079888204
210,BIRRE ALCOLICHE BIONDA/CHIARA7LIGHT SOTTO I 6 GRADI,68970504,Birre,Bevande,109084,387457,0.0168154044,0.0175875701
210,BORSE HD,10966944,BORSE SPESA,MAT.CONSUMO/PREMI/BUONI SCONTO,54678,307836,0.0084286667,0.0139733886
210,BUCATO LAVATR./BIVAL.LIQU./GEL,44339731,Detergenza Bucato,Cura Casa,15556,51673,0.0023979725,0.0023455571
210,Bagno/doccia Schiuma Bagnosch.,48185630,Igiene Personale,Cura Persona,12643,37832,0.0019489307,0.001717282
210,Bagno/doccia Schiuma Docciasch,37610832,Igiene Personale,Cura Persona,6892,21228,0.0010624085,0.0009635881
210,Basi Pasta Sfoglia,11084262,Altri Prodotti Freschi,Fresco,21100,51225,0.0032525855,0.0023252213
210,Biscotti Frollini Arricchiti,68636643,PROD. FORNO E CEREALI,DROGHERIA,33982,93637,0.0052383582,0.0042504002
210,Biscotti Frollini Classici,43651809,PROD. FORNO E CEREALI,DROGHERIA,48587,131562,0.0074897332,0.0059719037
210,Biscotti Frollini Integrali,56773023,PROD. FORNO E CEREALI,DROGHERIA,11341,31547,0.0017482261,0.0014319914
210,Burro Normale,64571558,Condimenti Freschi,Fresco,30722,88670,0.0047358261,0.0040249365
210,CAFFE' MACINATO NORMALE,95755415,Preparati Bevande Calde,DROGHERIA,25231,74467,0.0038893831,0.0033802295
210,CARAMELLE DURE/RIPIENE,24901164,Fuori Pasto Dolci,DROGHERIA,21606,62627,0.0033305858,0.0028427845
210,CARAMELLE GOMMOSE,26356892,Fuori Pasto Dolci,DROGHERIA,10704,32361,0.001650032,0.0014689407
210,CARNE BIANCA POLLAME POLLO,47357445,CARNE BIANCA,CARNE,34174,117810,0.0052679552,0.0053476686
210,CARNE BIANCA TACCHINO,4368772,CARNE BIANCA,CARNE,6095,22965,0.0009395502,0.0010424345
210,CARNE ROSSA BOVINO ADULTO,46508794,CARNE ROSSA,CARNE,28715,126307,0.0044264451,0.0057333671
210,CARNE ROSSA SUINO,3277462,CARNE ROSSA,CARNE,17455,51935,0.0026907052,0.0023574499
210,CAROTE (PI) CAROTE,35605830,VERDURA,ORTOFRUTTA,10872,27956,0.0016759293,0.0012689875
210,CAROTE SFUSE,65302358,VERDURA,ORTOFRUTTA,11816,41334,0.0018214479,0.0018762459
210,CETRIOLI SFUSI,63535514,VERDURA,ORTOFRUTTA,2864,18612,0.0004414884,0.0008448418
210,CIPOLLE SFUSE,33438996,VERDURA,ORTOFRUTTA,7596,27805,0.0011709308,0.0012621333
210,CONFETTURE/SPALMABILI FRUTTA  NORMALI VASETTO,25821900,Spalmabili Dolci,DROGHERIA,9450,30856,0.0014567267,0.0014006253
210,CREME SPALMABILI DOLCI BARATTOLO,38435072,Spalmabili Dolci,DROGHERIA,8936,28484,0.0013774931,0.0012929547
210,Candeggina Classica,71950625,Cura Tessuti,Cura Casa,8431,35880,0.0012996468,0.0016286762
210,Carne In Scatola Con Gelatina,23689609,Conserve Animali,DROGHERIA,6384,34567,0.0009840998,0.0015690761
210,Carta Igienica Normale,22657999,Igienico Sanitari,Cura Persona,17344,60073,0.0026735944,0.0027268525
210,Carta Igienica Rotoloni,92252188,Igienico Sanitari,Cura Persona,19402,56486,0.0029908371,0.0025640303
210,Cereali Prima Colaz.Arricchiti,287710,PROD. FORNO E CEREALI,DROGHERIA,10043,31582,0.0015481382,0.0014335801
210,Cola No Zucchero/rcc,52010543,Bevande Gassate,Bevande,5324,22643,0.0008206998,0.0010278182
210,Cola Zucchero,21338132,Bevande Gassate,Bevande,36065,117282,0.0055594547,0.0053237014
210,Conservazione Contenitori vetr,1591060,Casalingo,BAZAR LEGGERO,24874,62343,0.0038343512,0.0028298931
210,Crescenza Normale,77132956,Formaggi,Fresco,21373,88781,0.0032946687,0.0040299751
210,DEODORANTI/ANTIODORE PERSONA  FUNZIONALI,94346029,Igiene Personale,Cura Persona,12343,40560,0.0019026854,0.0018411123
210,Dentifrici Generici,18265177,Igiene Orale,Cura Persona,7662,25244,0.0011811047,0.0011458836
210,Dentifrici Protezione Completa,88791847,Igiene Orale,Cura Persona,8468,25678,0.0013053504,0.0011655839
210,FAZZOLETTI DI CARTA PACCHETTO,40096633,Igienico Sanitari,Cura Persona,11472,38206,0.0017684199,0.0017342588
210,FETTE BISCOTTATE LAGACCIO,74393446,PROD. FORNO E CEREALI,DROGHERIA,8460,25520,0.0013041172,0.0011584119
210,FINOCCHIO SFUSI,67480441,VERDURA,ORTOFRUTTA,7808,26927,0.0012036108,0.0012222789
210,FRAGOLE NAZIONALI,14884513,FRUTTA,ORTOFRUTTA,8390,32487,0.0012933266,0.0014746601
210,FRUTTA CONS.PUREA DI FRUTTA,91125928,FRUTTA CONSERVATA,DROGHERIA,17819,37819,0.0027468161,0.0017166919
210,Farine Grano Tenero,54507616,Ingredienti Base,DROGHERIA,19590,66667,0.0030198175,0.0030261694
210,Fette Biscottate Normali,14593605,PROD. FORNO E CEREALI,DROGHERIA,9897,31248,0.0015256321,0.001418419
210,Formag.Freschi Ind.Spalmabili,26330685,Formaggi,Fresco,23110,63574,0.0035624289,0.002885771
210,Formag.Tavola A Crosta Fiorita,22674355,Formaggi,Fresco,9032,28891,0.0013922916,0.0013114294
210,Formag.Tavola Altri Da Tavola,3689929,Formaggi,Fresco,30828,87728,0.0047521661,0.003982177
210,Formag.Tavola Fontina/fontal,34810487,Formaggi,Fresco,15043,45036,0.002318893,0.0020442883
210,Formag.Tavola Gorgonzola,71275307,Formaggi,Fresco,19851,65975,0.0030600509,0.002994758
210,Formag.Tavola Maasdam,85754601,Formaggi,Fresco,11590,36791,0.0017866097,0.0016700286
210,Fusi In Fette Normale,56879274,Formaggi,Fresco,24512,62964,0.0037785486,0.0028580817
210,GELATI VASCH. DA 300 A 600  GR,24987128,Gelati,Freddo,14030,44070,0.0021627381,0.0020004393
210,GRISSINI CLASSICI,44545043,Pane e Sostitutivi,DROGHERIA,48180,118340,0.0074269937,0.0053717265
210,Gelati Multipack Cono,20426951,Gelati,Freddo,8914,35057,0.0013741017,0.0015913184
210,Gelati Multipack Stecco,24702461,Gelati,Freddo,5974,21465,0.0009208979,0.000974346
210,Gomme Da Masticare Senza Zucch.,90546497,Fuori Pasto Dolci,DROGHERIA,16955,40842,0.0026136297,0.0018539129
210,Grana E Simili Grattugiato,58030926,Formaggi,Fresco,44875,165792,0.0069175248,0.0075256826
210,Grana E Simili Pezzi Interi,3771847,Formaggi,Fresco,29109,96153,0.0044871806,0.0043646072
210,INSALATE MISTE (PI) IV GAMMA,72697794,VERDURA,ORTOFRUTTA,14110,68497,0.0021750702,0.0031092374
210,INSALATE TENERE(PI)IV GAMMA,55568282,VERDURA,ORTOFRUTTA,24891,78284,0.0038369718,0.003553492
210,INTEGRATORI/ACQUE AROMATIZZAT INTEGRATORI SALINI,80737326,Bevande Piatte,Bevande,9369,28754,0.0014442404,0.0013052106
210,LATTE FRESCO ALTA QUALITA',20950929,Latte e Panna Fresca,Fresco,4581,20383,0.0007061656,0.0009252315
210,LATTE FRESCO LATTE MICROFILTRATO ALTA DIGERIBILITA',28509230,Latte e Panna Fresca,Fresco,3134,20923,0.0004831091,0.0009497434
210,LATTUGA SFUSA,51610679,VERDURA,ORTOFRUTTA,15630,58126,0.0024093797,0.0026384737
210,LIEVITO DI BIRRA,78874567,Altri Prodotti Freschi,Fresco,7732,26874,0.0011918953,0.0012198731
210,Latte Fresco Intero,96278283,Latte e Panna Fresca,Fresco,11282,50317,0.0017391312,0.0022840051
210,Latte Fresco Parz. Scremato,77012854,Latte e Panna Fresca,Fresco,12490,54661,0.0019253456,0.0024811893
210,Latte Uht Intero,50458368,LATTICINI UHT E ASSIM.,DROGHERIA,38796,109950,0.005980441,0.004990885
210,Latte Uht Parzialm. Scremato,81059960,LATTICINI UHT E ASSIM.,DROGHERIA,185713,472850,0.028627839,0.021463756
210,Latte Uht Scremato,64548417,LATTICINI UHT E ASSIM.,DROGHERIA,6629,25268,0.0010218668,0.001146973
210,MELANZANE SFUSE,23585774,VERDURA,ORTOFRUTTA,7870,30812,0.0012131681,0.001398628
210,MELE GOLDEN SFUSE,47306316,FRUTTA,ORTOFRUTTA,7425,27810,0.0011445709,0.0012623603
210,MELONI SFUSI,6241215,FRUTTA,ORTOFRUTTA,21557,80259,0.0033230325,0.0036431418
210,MERENDINE CROISSANT,68153127,PROD. FORNO E CEREALI,DROGHERIA,14831,46555,0.002286213,0.0021132392
210,MERENDINE TRANCINI,60035825,PROD. FORNO E CEREALI,DROGHERIA,23095,70003,0.0035601166,0.0031775982
210,Maionese Normale,17481126,"Sughi,salse e Condimenti",DROGHERIA,21068,60683,0.0032476526,0.0027545418
210,Mozzarelle Bufala,68465968,Formaggi,Fresco,7153,22255,0.0011026419,0.001010206
210,Mozzarelle Latte Vaccino,90208639,Formaggi,Fresco,85493,259359,0.0131788288,0.0117729053
210,NETTARI E SIMILI BRIK<=20CL,18839585,Succhi Di Frutta,Bevande,16472,52491,0.0025391748,0.002382688
210,NETTARI E SIMILI PET >20CL,69929643,Succhi Di Frutta,Bevande,7917,28625,0.0012204132,0.001299355
210,NETTARINE SFUSE BIANCHE/GIALLE,25802672,FRUTTA,ORTOFRUTTA,7903,47219,0.0012182551,0.0021433797
210,NUTRIZIONE CANE UMIDO,45662665,PET CARE CANE,PET CARE,42375,120627,0.0065321473,0.0054755387
210,NUTRIZIONE GATTO SECCO,41436437,PET CARE GATTO,PET CARE,13386,33617,0.0020634649,0.0015259534
210,NUTRIZIONE GATTO UMIDO,97376269,PET CARE GATTO,PET CARE,104924,337447,0.0161741363,0.0153175004
210,OLIO DI OLIVA DA 76 CL-100  CL,71781717,Olio Aceto Succo Limone,DROGHERIA,16893,49058,0.0026040723,0.0022268562
210,OLIO EXTRAVER.DI OLIVA NORMALI,35838567,Olio Aceto Succo Limone,DROGHERIA,9403,36910,0.0014494816,0.0016754303
210,OLIVE NERE,83413489,VEGETALI CONSERVATI,DROGHERIA,5896,22121,0.0009088741,0.0010041234
210,PANE FRESCO,61878801,PANE E PANIFICATI FRESCHI,Fresco,104333,458147,0.0160830331,0.0207963528
210,PANE INDUSTRIALE MEDIA-LUNGA BIANCO,77688194,Pane e Sostitutivi,DROGHERIA,9908,33271,0.0015273278,0.0015102477
210,PANETTI CROCCANTI GALLETTE,82595904,Pane e Sostitutivi,DROGHERIA,6767,21338,0.0010431396,0.0009685812
210,PASSATO DI POMODORO BOTT.VASO,26149724,DERIVATI DEL POMODORO,DROGHERIA,16995,78101,0.0026197957,0.0035451852
210,PASTA SEMOLA NORM.ASCIUT.CORTA,92516781,Pasta,DROGHERIA,60634,215221,0.0093467899,0.0097693794
210,PASTA SEMOLA NORM.ASCIUT.LUNGA,35990927,Pasta,DROGHERIA,34846,125213,0.0053715447,0.0056837079
210,PASTICCERIA FRESCA,29432951,PANE E PANIFICATI FRESCHI,Fresco,17637,51139,0.0027187607,0.0023213176
210,PATATE (PI) ALTRE,18663234,VERDURA,ORTOFRUTTA,8584,37883,0.0013232319,0.0017195971
210,PEPERONI SFUSI,56235578,VERDURA,ORTOFRUTTA,16321,58146,0.002515898,0.0026393815
210,PESCE FRESCO DA SPINA INTERI,93176735,PESCE FRESCO,PESCE,16526,56819,0.0025474989,0.0025791459
210,PESCHE SFUSE,82824815,FRUTTA,ORTOFRUTTA,10508,63311,0.0016198184,0.0028738328
210,PICCOLE SUPERFICI SGRASSATORI,68062505,Detergenti Superfici,Cura Casa,9991,31653,0.0015401223,0.0014368029
210,POLPA DI POMODORO LATTINA,58941795,DERIVATI DEL POMODORO,DROGHERIA,11202,51074,0.0017267992,0.0023183671
210,POMODORI (PI) CILIEGINO,37130126,VERDURA,ORTOFRUTTA,5116,21252,0.0007886364,0.0009646775
210,POMODORI SFUSI,88417069,VERDURA,ORTOFRUTTA,31970,112016,0.0049282065,0.0050846655
210,PREPARATI CARNE TRITA BOVINO,76277893,PREPARATI,CARNE,11032,56490,0.0017005935,0.0025642119
210,PREPARATI CRUDI POLLAME,77392600,PREPARATI,CARNE,9109,36435,0.0014041612,0.001653869
210,PREPARATI PER BRODO TAVOLETTA,2304709,Insaporitori,DROGHERIA,7942,28752,0.001224267,0.0013051198
210,PREPARATI PER DESSERT/BUDINI  CREME DA TAVOLA,90416260,Ingredienti Base,DROGHERIA,20972,48792,0.0032328541,0.0022147818
210,PREPARATI PRECOTTI POLLAME,48673450,PREPARATI,CARNE,8733,27524,0.0013462004,0.0012493781
210,PREPARATI SALSICCIA SUINO,94644082,PREPARATI,CARNE,12771,52298,0.001968662,0.0023739273
210,Panetti Croccanti Altri Tipi,88614303,Pane e Sostitutivi,DROGHERIA,7776,23514,0.0011986779,0.0010673549
210,Panna Uht Da Cucina,49810232,LATTICINI UHT E ASSIM.,DROGHERIA,21212,51340,0.0032698504,0.0023304414
210,Pasta Fre.Non Rip. Gnocchi,9695733,Pasta Fresca,Fresco,11732,37816,0.0018084992,0.0017165558
210,Pasta Fre.Non Rip.Pasta Uovo,71303463,Pasta Fresca,Fresco,9749,33608,0.0015028178,0.0015255449
210,Pasta Semola Brodi/minestrine,11838984,Pasta,DROGHERIA,15900,46472,0.0024510004,0.0021094716
210,Pasta Semola Specialita Corta,97529522,Pasta,DROGHERIA,22850,68801,0.0035223497,0.0031230366
210,Pasticceria Altra Unitipo,83809081,PROD. FORNO E CEREALI,DROGHERIA,12472,34578,0.0019225709,0.0015695755
210,Patatine Normali,19997938,Fuori Pasto Salati,DROGHERIA,8807,32032,0.0013576076,0.0014540066
210,Quaderni e blocchi,81598410,Cancelleria,BAZAR LEGGERO,5551,19396,0.000855692,0.0008804293
210,REGALI CONCORSI COLLEZIONAMEN.,7673755,CODICI OPERATIVI,MAT.CONSUMO/PREMI/BUONI SCONTO,84297,291126,0.0129944643,0.013214883
210,RICOTT.VACCINA DA 101 A 250 GR,31312918,Formaggi,Fresco,10526,35080,0.0016225931,0.0015923624
210,ROTOLI CARTA MAXI,74466173,USA E GETTA,Cura Casa,13276,40029,0.0020465083,0.001817009
210,SAL.INTER/TRANCI MORTADELLA,61731074,Salumi,Fresco,7958,42368,0.0012267334,0.0019231816
210,SALUMI INTERI/TRANCI ALTRI,21170166,Salumi,Fresco,14589,47907,0.0022489085,0.0021746096
210,SALUMI INTERI/TRANCI ARROSTI,22211191,Salumi,Fresco,7752,26564,0.0011949783,0.0012058014
210,SALUMI INTERI/TRANCI COTTO,22783048,Salumi,Fresco,50950,170597,0.0078539919,0.0077437927
210,SALUMI INTERI/TRANCI CRUDO,45465460,Salumi,Fresco,27681,116741,0.004267053,0.0052991442
210,SALUMI INTERI/TRANCI SALAME,88597019,Salumi,Fresco,16689,64051,0.0025726255,0.0029074231
210,SAPONI PERSONA LIQUIDI,25820799,Igiene Personale,Cura Persona,10450,31915,0.0016108776,0.0014486957
210,SNACKS DOLCI BASE CEREALE,96509151,Fuori Pasto Dolci,DROGHERIA,11234,29392,0.001731732,0.0013341709
210,SNACKS DOLCI BASE WAFER,42435300,Fuori Pasto Dolci,DROGHERIA,12694,33788,0.0019567924,0.0015337155
210,SOSTITUT.LATTE UHT-LATTE SOIA,20443328,LATTICINI UHT E ASSIM.,DROGHERIA,7112,22988,0.0010963217,0.0010434785
210,SOSTITUT.PANE FRESCO FOCACCIA,52519409,Altri Prodotti Freschi,Fresco,10583,23926,0.0016313797,0.0010860565
210,STOVIGLIE MANO LIQU.ALTRE PROF,69965380,Detergenti Stoviglie,Cura Casa,8883,28137,0.0013693231,0.0012772036
210,SUCCHI 100% BRICK > 21 CL,32841385,Succhi Di Frutta,Bevande,8253,28004,0.001272208,0.0012711664
210,SUGHI PRONTI BASI BASE POMODORO,45322762,"Sughi,salse e Condimenti",DROGHERIA,17677,46085,0.0027249267,0.0020919048
210,SUGHI PRONTI FRESCHI PESTO,38967877,Piatti Pronti/specialita,Fresco,8617,39038,0.0013283189,0.0017720252
210,Sale Grosso,58457814,Insaporitori,DROGHERIA,9507,29975,0.0014655133,0.0013606346
210,Salumi Quadr.Pancetta Affumic,47752116,Salumi,Fresco,7948,25051,0.0012251919,0.0011371229
210,Stoviglie Mano Liquido Normale,16032664,Detergenti Stoviglie,Cura Casa,9205,34296,0.0014189597,0.0015567748
210,Surg.vegetali Zuppe Minestr.,9794987,Surgelati,Freddo,5978,22546,0.0009215145,0.0010234151
210,Surgelati Pizza Classica,64829506,Surgelati,Freddo,9092,27897,0.0014015406,0.0012663094
210,TAV.BARR.CIOCCOLATO FONDENTE,44301377,Fuori Pasto Dolci,DROGHERIA,17471,46621,0.0026931716,0.0021162351
210,TAV.BARR.CIOCCOLATO LATTE,78350478,Fuori Pasto Dolci,DROGHERIA,15647,40883,0.0024120002,0.001855774
210,TONNO SOTT' OLIO LATTA,88078619,Conserve Animali,DROGHERIA,33206,109225,0.0051187371,0.0049579756
210,Tovaglioli Di Carta 2 Veli,64534517,USA E GETTA,Cura Casa,11537,43670,0.0017784397,0.0019822824
210,UOVA DI GALLINA ALLEV.A TERRA,39349448,Uova Fresche,Fresco,17533,61220,0.002702729,0.0027789175
210,UOVA GALLINA ALLEV.IN BATTERIA,40883085,Uova Fresche,Fresco,35311,113399,0.0054432249,0.0051474431
210,UVA BIANCA SFUSA,85477997,FRUTTA,ORTOFRUTTA,16504,61147,0.0025441076,0.0027756039
210,Vino Comune Ital.Brick >50 Cl,1118286,Vino,Bevande,8298,48173,0.0012791447,0.002186684
210,Vino Comune Ital.Vetro 0-75 Cl,43819499,Vino,Bevande,3969,20874,0.0006118252,0.0009475192
210,Vino Doc/docg Italiano Bianco,80569809,Vino,Bevande,11394,37171,0.0017563961,0.0016872777
210,Vino Doc/docg Italiano Rosso,7640627,Vino,Bevande,19251,73419,0.0029675603,0.0033326583
210,WURSTEL PURO SUINO,53822787,Precotti,Fresco,11914,39990,0.0018365547,0.0018152387
210,Wafers Semplici,52620069,PROD. FORNO E CEREALI,DROGHERIA,9746,35210,0.0015023553,0.0015982634
210,Wurstel Avicunicoli,50993151,Precotti,Fresco,14068,51738,0.0021685958,0.0023485076
210,YOGURT FUNZION.RINFORZA/DIFESA,35258972,Yogurt,Fresco,14318,35452,0.0022071336,0.0016092483
210,YOGURT FUNZIONALE REGOLARITA,66705147,Yogurt,Fresco,19188,53571,0.0029578488,0.0024317117
210,YOGURT INTERO ALTRI GUSTI,37724208,Yogurt,Fresco,26168,70065,0.0040338226,0.0031804125
210,YOGURT INTERO BIANCO,1613027,Yogurt,Fresco,11405,32155,0.0017580918,0.0014595899
210,YOGURT INTERO FRUTTA,50398457,Yogurt,Fresco,58912,158618,0.0090813419,0.0072000382
210,YOGURT MAGRO BIANCO,42080466,Yogurt,Fresco,11245,35907,0.0017334277,0.0016299018
210,YOGURT MAGRO FRUTTA,46357939,Yogurt,Fresco,17442,55335,0.0026887012,0.0025117837
210,Yogurt Bicompartim.Altri Gusti,54357601,Yogurt,Fresco,22520,82883,0.0034714798,0.0037622512
210,ZUCCHERO DA BARBIET.,74572944,Ingredienti Base,DROGHERIA,43049,124031,0.0066360451,0.0056300542
210,ZUCCHINE SFUSE,32132477,VERDURA,ORTOFRUTTA,17125,67761,0.0026398354,0.0030758286
211,ACCES.TAVOLA USA GETTA BICCH.,69624376,USA E GETTA,Cura Casa,4716,24455,0.0012532514,0.0011100691
211,ACCES.TAVOLA USA GETTA PIATTI,33504769,USA E GETTA,Cura Casa,5729,25129,0.0015224506,0.0011406635
211,ACQUA EFFERVESCENTE NATURALE  ACQUA EFFERV.NATUR. 101-150 CL,2679404,Acqua,Bevande,6456,91180,0.0017156469,0.0041388713
211,ACQUA GASSATA ACQUA GASSATA   0-50 CL.,66317038,Acqua,Bevande,4062,22841,0.0010794544,0.0010368059
211,ACQUA GASSATA ACQUA GASSATA   101-150 CL.,11625730,Acqua,Bevande,94764,620040,0.0251830183,0.0281450508
211,ACQUA LIEV.GASSATA-ACQUA LIEV.GASSATA 101-150 CL.,46394353,Acqua,Bevande,23649,137012,0.0062845933,0.0062192918
211,ACQUA NON GASSATA 0-50 CL,96152145,Acqua,Bevande,6335,46934,0.0016834918,0.0021304429
211,ACQUA NON GASSATA 101-150 CL,58256490,Acqua,Bevande,154339,2212575,0.0410147509,0.1004339006
211,ACQUA NON GASSATA 151-200 CL,85414295,Acqua,Bevande,3202,29086,0.0008509141,0.0013202809
211,ACQUA NON GASSATA 51-100 CL,55883936,Acqua,Bevande,2595,20824,0.0006896072,0.0009452496
211,AGLIO (PI) BIANCO,37233855,VERDURA,ORTOFRUTTA,4900,23750,0.0013021484,0.0010780675
211,ALBICOCCHE SFUSE,31149953,FRUTTA,ORTOFRUTTA,4969,26617,0.0013204848,0.0012082072
211,ALTRI FORM.FRESCHI TOMINI,81146740,Formaggi,Fresco,9581,47230,0.0025460987,0.002143879
211,ALTRI PIATTI PRONTI           SECONDI PIATTI RICOMPOSTI,51744635,Piatti Pronti/specialita,Fresco,12659,107460,0.0033640605,0.0048778581
211,ALTRI PIATTI PRONTI INSALATE,90955358,Piatti Pronti/specialita,Fresco,5419,37328,0.0014400698,0.0016944043
211,AMMORBIDENTI TRADIZIONALE,33883865,Cura Tessuti,Cura Casa,4123,27857,0.0010956649,0.0012644937
211,ANGURIE SFUSE,40851917,FRUTTA,ORTOFRUTTA,2990,28287,0.0007945763,0.0012840124
211,AROMI ED ERBE FRESCHE SFUSE,67238837,VERDURA,ORTOFRUTTA,2732,19654,0.0007260142,0.0008921406
211,ASCIUGAMA.ROTOLI CARTA NORMALI,57644540,USA E GETTA,Cura Casa,8921,46611,0.0023707073,0.0021157812
211,Aceto Standard,97343759,Olio Aceto Succo Limone,DROGHERIA,5773,27097,0.0015341434,0.0012299956
211,Affettati Arrosti,79069241,Salumi,Fresco,5771,28533,0.0015336119,0.0012951789
211,Affettati Bresaola,38021642,Salumi,Fresco,8073,40377,0.0021453559,0.0018328055
211,Affettati Mortadella,89192625,Salumi,Fresco,6453,30401,0.0017148497,0.0013799718
211,Affettati Prosciutto Cotto,10014488,Salumi,Fresco,31396,160267,0.0083433165,0.0072748901
211,Affettati Prosciutto Crudo,27531662,Salumi,Fresco,11341,57694,0.0030138092,0.0026188642
211,Affettati Salame,79542966,Salumi,Fresco,6431,37830,0.0017090033,0.0017171913
211,Altre Bevande Gass.Altri Gusti,93605270,Bevande Gassate,Bevande,4394,23824,0.0011676816,0.0010814265
211,Altre Bevande Gassate Chinotto,33922227,Bevande Gassate,Bevande,2678,21338,0.000711664,0.0009685812
211,Altre Bevande Gassate Limonata,1875940,Bevande Gassate,Bevande,3337,25956,0.0008867896,0.0011782029
211,Altre Bevande Gassate Tonica,52490212,Bevande Gassate,Bevande,3165,20080,0.0008410816,0.0009114777
211,Aranciata Zucchero,96135750,Bevande Gassate,Bevande,10216,56463,0.0027148465,0.0025629863
211,Assorbenti Esterni Ultra,36849696,Igienico Sanitari,Cura Persona,7384,37440,0.0019622579,0.0016994883
211,BANANE SFUSE,11721148,FRUTTA,ORTOFRUTTA,27233,131282,0.0072370218,0.0059591939
211,BEV.FRUTTA 12-29% PET  >20CL,27999283,Succhi Di Frutta,Bevande,5087,26841,0.0013518426,0.0012183751
211,BEV.FRUTTA 30-99% BRIC>20CL,27577819,Succhi Di Frutta,Bevande,5278,28219,0.0014025998,0.0012809257
211,BEV.FRUTTA 30-99% PET >20CL,46404401,Succhi Di Frutta,Bevande,4131,25534,0.0010977908,0.0011590474
211,BEVANDE BASE THE DETEINATO,5011549,Bevande Piatte,Bevande,3448,21617,0.0009162873,0.0009812457
211,BEVANDE BASE THE NORMALE,56691688,Bevande Piatte,Bevande,30800,175995,0.0081849327,0.0079888204
211,BIRRE ALCOLICHE BIONDA/CHIARA7LIGHT SOTTO I 6 GRADI,68970504,Birre,Bevande,67676,387457,0.0179845294,0.0175875701
211,BORSE HD,10966944,BORSE SPESA,MAT.CONSUMO/PREMI/BUONI SCONTO,52780,307836,0.0140259983,0.0139733886
211,BUCATO LAVATR./BIVAL.LIQU./GEL,44339731,Detergenza Bucato,Cura Casa,9072,51673,0.0024108347,0.0023455571
211,Bagno/doccia Schiuma Bagnosch.,48185630,Igiene Personale,Cura Persona,5442,37832,0.0014461819,0.001717282
211,Bagno/doccia Schiuma Docciasch,37610832,Igiene Personale,Cura Persona,3404,21228,0.0009045945,0.0009635881
211,Basi Pasta Sfoglia,11084262,Altri Prodotti Freschi,Fresco,10049,51225,0.0026704672,0.0023252213
211,Biscotti Frollini Arricchiti,68636643,PROD. FORNO E CEREALI,DROGHERIA,16191,93637,0.0043026703,0.0042504002
211,Biscotti Frollini Classici,43651809,PROD. FORNO E CEREALI,DROGHERIA,24149,131562,0.0064174656,0.0059719037
211,Biscotti Frollini Integrali,56773023,PROD. FORNO E CEREALI,DROGHERIA,6156,31547,0.0016359236,0.0014319914
211,Burro Normale,64571558,Condimenti Freschi,Fresco,20255,88670,0.0053826562,0.0040249365
211,CAFFE' MACINATO NORMALE,95755415,Preparati Bevande Calde,DROGHERIA,14900,74467,0.0039595941,0.0033802295
211,CARAMELLE DURE/RIPIENE,24901164,Fuori Pasto Dolci,DROGHERIA,12096,62627,0.0032144463,0.0028427845
211,CARAMELLE GOMMOSE,26356892,Fuori Pasto Dolci,DROGHERIA,6898,32361,0.001833106,0.0014689407
211,CARNE BIANCA POLLAME POLLO,47357445,CARNE BIANCA,CARNE,21780,117810,0.0057879167,0.0053476686
211,CARNE BIANCA TACCHINO,4368772,CARNE BIANCA,CARNE,3415,22965,0.0009075177,0.0010424345
211,CARNE ROSSA BOVINO ADULTO,46508794,CARNE ROSSA,CARNE,20919,126307,0.0055591106,0.0057333671
211,CARNE ROSSA SUINO,3277462,CARNE ROSSA,CARNE,8934,51935,0.002374162,0.0023574499
211,CAROTE (PI) CAROTE,35605830,VERDURA,ORTOFRUTTA,4051,27956,0.0010765312,0.0012689875
211,CAROTE SFUSE,65302358,VERDURA,ORTOFRUTTA,9795,41334,0.002602968,0.0018762459
211,CETRIOLI SFUSI,63535514,VERDURA,ORTOFRUTTA,2067,18612,0.000549294,0.0008448418
211,CIPOLLE SFUSE,33438996,VERDURA,ORTOFRUTTA,5925,27805,0.0015745366,0.0012621333
211,CONFETTURE/SPALMABILI FRUTTA  NORMALI VASETTO,25821900,Spalmabili Dolci,DROGHERIA,5317,30856,0.0014129639,0.0014006253
211,CREME SPALMABILI DOLCI BARATTOLO,38435072,Spalmabili Dolci,DROGHERIA,5628,28484,0.0014956104,0.0012929547
211,Candeggina Classica,71950625,Cura Tessuti,Cura Casa,6868,35880,0.0018251337,0.0016286762
211,Carne In Scatola Con Gelatina,23689609,Conserve Animali,DROGHERIA,4964,34567,0.001319156,0.0015690761
211,Carta Igienica Normale,22657999,Igienico Sanitari,Cura Persona,12458,60073,0.0033106458,0.0027268525
211,Carta Igienica Rotoloni,92252188,Igienico Sanitari,Cura Persona,9918,56486,0.0026356546,0.0025640303
211,Cereali Prima Colaz.Arricchiti,287710,PROD. FORNO E CEREALI,DROGHERIA,5169,31582,0.0013736337,0.0014335801
211,Cola No Zucchero/rcc,52010543,Bevande Gassate,Bevande,3943,22643,0.0010478308,0.0010278182
211,Cola Zucchero,21338132,Bevande Gassate,Bevande,21452,117282,0.0057007525,0.0053237014
211,Conservazione Contenitori vetr,1591060,Casalingo,BAZAR LEGGERO,15191,62343,0.0040369257,0.0028298931
211,Crescenza Normale,77132956,Formaggi,Fresco,19191,88781,0.005099904,0.0040299751
211,DEODORANTI/ANTIODORE PERSONA  FUNZIONALI,94346029,Igiene Personale,Cura Persona,6310,40560,0.0016768482,0.0018411123
211,Dentifrici Generici,18265177,Igiene Orale,Cura Persona,4610,25244,0.0012250825,0.0011458836
211,Dentifrici Protezione Completa,88791847,Igiene Orale,Cura Persona,4880,25678,0.0012968335,0.0011655839
211,FAZZOLETTI DI CARTA PACCHETTO,40096633,Igienico Sanitari,Cura Persona,7310,38206,0.0019425928,0.0017342588
211,FETTE BISCOTTATE LAGACCIO,74393446,PROD. FORNO E CEREALI,DROGHERIA,4574,25520,0.0012155157,0.0011584119
211,FINOCCHIO SFUSI,67480441,VERDURA,ORTOFRUTTA,4432,26927,0.0011777799,0.0012222789
211,FRAGOLE NAZIONALI,14884513,FRUTTA,ORTOFRUTTA,6949,32487,0.001846659,0.0014746601
211,FRUTTA CONS.PUREA DI FRUTTA,91125928,FRUTTA CONSERVATA,DROGHERIA,6841,37819,0.0018179586,0.0017166919
211,Farine Grano Tenero,54507616,Ingredienti Base,DROGHERIA,12909,66667,0.0034304966,0.0030261694
211,Fette Biscottate Normali,14593605,PROD. FORNO E CEREALI,DROGHERIA,5521,31248,0.0014671758,0.001418419
211,Formag.Freschi Ind.Spalmabili,26330685,Formaggi,Fresco,10725,63574,0.0028501105,0.002885771
211,Formag.Tavola A Crosta Fiorita,22674355,Formaggi,Fresco,7011,28891,0.0018631352,0.0013114294
211,Formag.Tavola Altri Da Tavola,3689929,Formaggi,Fresco,22165,87728,0.0058902284,0.003982177
211,Formag.Tavola Fontina/fontal,34810487,Formaggi,Fresco,10893,45036,0.0028947556,0.0020442883
211,Formag.Tavola Gorgonzola,71275307,Formaggi,Fresco,14964,65975,0.0039766017,0.002994758
211,Formag.Tavola Maasdam,85754601,Formaggi,Fresco,7749,36791,0.0020592547,0.0016700286
211,Fusi In Fette Normale,56879274,Formaggi,Fresco,10451,62964,0.0027772965,0.0028580817
211,GELATI VASCH. DA 300 A 600  GR,24987128,Gelati,Freddo,8100,44070,0.002152531,0.0020004393
211,GRISSINI CLASSICI,44545043,Pane e Sostitutivi,DROGHERIA,15573,118340,0.0041384402,0.0053717265
211,Gelati Multipack Cono,20426951,Gelati,Freddo,6817,35057,0.0018115807,0.0015913184
211,Gelati Multipack Stecco,24702461,Gelati,Freddo,3726,21465,0.0009901643,0.000974346
211,Gomme Da Masticare Senza Zucch.,90546497,Fuori Pasto Dolci,DROGHERIA,7428,40842,0.0019739507,0.0018539129
211,Grana E Simili Grattugiato,58030926,Formaggi,Fresco,27268,165792,0.0072463229,0.0075256826
211,Grana E Simili Pezzi Interi,3771847,Formaggi,Fresco,21660,96153,0.0057560274,0.0043646072
211,INSALATE MISTE (PI) IV GAMMA,72697794,VERDURA,ORTOFRUTTA,11246,68497,0.0029885634,0.0031092374
211,INSALATE TENERE(PI)IV GAMMA,55568282,VERDURA,ORTOFRUTTA,10956,78284,0.0029114975,0.003553492
211,INTEGRATORI/ACQUE AROMATIZZAT INTEGRATORI SALINI,80737326,Bevande Piatte,Bevande,4109,28754,0.0010919444,0.0013052106
211,LATTE FRESCO ALTA QUALITA',20950929,Latte e Panna Fresca,Fresco,1911,20383,0.0005078379,0.0009252315
211,LATTE FRESCO LATTE MICROFILTRATO ALTA DIGERIBILITA',28509230,Latte e Panna Fresca,Fresco,3087,20923,0.0008203535,0.0009497434
211,LATTUGA SFUSA,51610679,VERDURA,ORTOFRUTTA,9226,58126,0.0024517594,0.0026384737
211,LIEVITO DI BIRRA,78874567,Altri Prodotti Freschi,Fresco,6742,26874,0.0017916499,0.0012198731
211,Latte Fresco Intero,96278283,Latte e Panna Fresca,Fresco,13397,50317,0.00356018,0.0022840051
211,Latte Fresco Parz. Scremato,77012854,Latte e Panna Fresca,Fresco,10442,54661,0.0027749048,0.0024811893
211,Latte Uht Intero,50458368,LATTICINI UHT E ASSIM.,DROGHERIA,31016,109950,0.0082423335,0.004990885
211,Latte Uht Parzialm. Scremato,81059960,LATTICINI UHT E ASSIM.,DROGHERIA,99365,472850,0.026405709,0.021463756
211,Latte Uht Scremato,64548417,LATTICINI UHT E ASSIM.,DROGHERIA,4757,25268,0.0012641469,0.001146973
211,MELANZANE SFUSE,23585774,VERDURA,ORTOFRUTTA,5237,30812,0.0013917043,0.001398628
211,MELE GOLDEN SFUSE,47306316,FRUTTA,ORTOFRUTTA,5234,27810,0.0013909071,0.0012623603
211,MELONI SFUSI,6241215,FRUTTA,ORTOFRUTTA,13048,80259,0.0034674351,0.0036431418
211,MERENDINE CROISSANT,68153127,PROD. FORNO E CEREALI,DROGHERIA,7697,46555,0.0020454359,0.0021132392
211,MERENDINE TRANCINI,60035825,PROD. FORNO E CEREALI,DROGHERIA,11464,70003,0.0030464957,0.0031775982
211,Maionese Normale,17481126,"Sughi,salse e Condimenti",DROGHERIA,11792,60683,0.00313366,0.0027545418
211,Mozzarelle Bufala,68465968,Formaggi,Fresco,3186,22255,0.0008466622,0.001010206
211,Mozzarelle Latte Vaccino,90208639,Formaggi,Fresco,55392,259359,0.0147201231,0.0117729053
211,NETTARI E SIMILI BRIK<=20CL,18839585,Succhi Di Frutta,Bevande,10410,52491,0.002766401,0.002382688
211,NETTARI E SIMILI PET >20CL,69929643,Succhi Di Frutta,Bevande,6574,28625,0.0017470048,0.001299355
211,NETTARINE SFUSE BIANCHE/GIALLE,25802672,FRUTTA,ORTOFRUTTA,7468,47219,0.0019845804,0.0021433797
211,NUTRIZIONE CANE UMIDO,45662665,PET CARE CANE,PET CARE,25766,120627,0.0068471746,0.0054755387
211,NUTRIZIONE GATTO SECCO,41436437,PET CARE GATTO,PET CARE,8612,33617,0.0022885922,0.0015259534
211,NUTRIZIONE GATTO UMIDO,97376269,PET CARE GATTO,PET CARE,72354,337447,0.0192276825,0.0153175004
211,OLIO DI OLIVA DA 76 CL-100  CL,71781717,Olio Aceto Succo Limone,DROGHERIA,9584,49058,0.0025468959,0.0022268562
211,OLIO EXTRAVER.DI OLIVA NORMALI,35838567,Olio Aceto Succo Limone,DROGHERIA,6063,36910,0.0016112093,0.0016754303
211,OLIVE NERE,83413489,VEGETALI CONSERVATI,DROGHERIA,3731,22121,0.000991493,0.0010041234
211,PANE FRESCO,61878801,PANE E PANIFICATI FRESCHI,Fresco,68959,458147,0.0183254797,0.0207963528
211,PANE INDUSTRIALE MEDIA-LUNGA BIANCO,77688194,Pane e Sostitutivi,DROGHERIA,5017,33271,0.0013332405,0.0015102477
211,PANETTI CROCCANTI GALLETTE,82595904,Pane e Sostitutivi,DROGHERIA,3547,21338,0.000942596,0.0009685812
211,PASSATO DI POMODORO BOTT.VASO,26149724,DERIVATI DEL POMODORO,DROGHERIA,13550,78101,0.0036008389,0.0035451852
211,PASTA SEMOLA NORM.ASCIUT.CORTA,92516781,Pasta,DROGHERIA,38411,215221,0.0102075146,0.0097693794
211,PASTA SEMOLA NORM.ASCIUT.LUNGA,35990927,Pasta,DROGHERIA,21337,125213,0.0056701919,0.0056837079
211,PASTICCERIA FRESCA,29432951,PANE E PANIFICATI FRESCHI,Fresco,3544,51139,0.0009417988,0.0023213176
211,PATATE (PI) ALTRE,18663234,VERDURA,ORTOFRUTTA,6146,37883,0.0016332661,0.0017195971
211,PEPERONI SFUSI,56235578,VERDURA,ORTOFRUTTA,10264,58146,0.0027276023,0.0026393815
211,PESCE FRESCO DA SPINA INTERI,93176735,PESCE FRESCO,PESCE,6622,56819,0.0017597605,0.0025791459
211,PESCHE SFUSE,82824815,FRUTTA,ORTOFRUTTA,13125,63311,0.0034878975,0.0028738328
211,PICCOLE SUPERFICI SGRASSATORI,68062505,Detergenti Superfici,Cura Casa,5790,31653,0.0015386611,0.0014368029
211,POLPA DI POMODORO LATTINA,58941795,DERIVATI DEL POMODORO,DROGHERIA,8755,51074,0.0023265937,0.0023183671
211,POMODORI (PI) CILIEGINO,37130126,VERDURA,ORTOFRUTTA,2900,21252,0.0007706592,0.0009646775
211,POMODORI SFUSI,88417069,VERDURA,ORTOFRUTTA,22183,112016,0.0058950118,0.0050846655
211,PREPARATI CARNE TRITA BOVINO,76277893,PREPARATI,CARNE,11710,56490,0.0031118689,0.0025642119
211,PREPARATI CRUDI POLLAME,77392600,PREPARATI,CARNE,6295,36435,0.0016728621,0.001653869
211,PREPARATI PER BRODO TAVOLETTA,2304709,Insaporitori,DROGHERIA,5962,28752,0.0015843691,0.0013051198
211,PREPARATI PER DESSERT/BUDINI  CREME DA TAVOLA,90416260,Ingredienti Base,DROGHERIA,9563,48792,0.0025413153,0.0022147818
211,PREPARATI PRECOTTI POLLAME,48673450,PREPARATI,CARNE,4490,27524,0.0011931931,0.0012493781
211,PREPARATI SALSICCIA SUINO,94644082,PREPARATI,CARNE,10506,52298,0.0027919124,0.0023739273
211,Panetti Croccanti Altri Tipi,88614303,Pane e Sostitutivi,DROGHERIA,3483,23514,0.0009255883,0.0010673549
211,Panna Uht Da Cucina,49810232,LATTICINI UHT E ASSIM.,DROGHERIA,10922,51340,0.0029024622,0.0023304414
211,Pasta Fre.Non Rip. Gnocchi,9695733,Pasta Fresca,Fresco,8415,37816,0.0022362405,0.0017165558
211,Pasta Fre.Non Rip.Pasta Uovo,71303463,Pasta Fresca,Fresco,7351,33608,0.0019534883,0.0015255449
211,Pasta Semola Brodi/minestrine,11838984,Pasta,DROGHERIA,11376,46472,0.0030231102,0.0021094716
211,Pasta Semola Specialita Corta,97529522,Pasta,DROGHERIA,12704,68801,0.003376019,0.0031230366
211,Pasticceria Altra Unitipo,83809081,PROD. FORNO E CEREALI,DROGHERIA,8005,34578,0.0021272853,0.0015695755
211,Patatine Normali,19997938,Fuori Pasto Salati,DROGHERIA,7365,32032,0.0019572087,0.0014540066
211,Quaderni e blocchi,81598410,Cancelleria,BAZAR LEGGERO,3281,19396,0.0008719079,0.0008804293
211,REGALI CONCORSI COLLEZIONAMEN.,7673755,CODICI OPERATIVI,MAT.CONSUMO/PREMI/BUONI SCONTO,46943,291126,0.0124748473,0.013214883
211,RICOTT.VACCINA DA 101 A 250 GR,31312918,Formaggi,Fresco,6651,35080,0.0017674671,0.0015923624
211,ROTOLI CARTA MAXI,74466173,USA E GETTA,Cura Casa,7490,40029,0.0019904268,0.001817009
211,SAL.INTER/TRANCI MORTADELLA,61731074,Salumi,Fresco,6011,42368,0.0015973906,0.0019231816
211,SALUMI INTERI/TRANCI ALTRI,21170166,Salumi,Fresco,8611,47907,0.0022883265,0.0021746096
211,SALUMI INTERI/TRANCI ARROSTI,22211191,Salumi,Fresco,3690,26564,0.0009805975,0.0012058014
211,SALUMI INTERI/TRANCI COTTO,22783048,Salumi,Fresco,27337,170597,0.0072646593,0.0077437927
211,SALUMI INTERI/TRANCI CRUDO,45465460,Salumi,Fresco,17300,116741,0.004597381,0.0052991442
211,SALUMI INTERI/TRANCI SALAME,88597019,Salumi,Fresco,13553,64051,0.0036016361,0.0029074231
211,SAPONI PERSONA LIQUIDI,25820799,Igiene Personale,Cura Persona,5304,31915,0.0014095092,0.0014486957
211,SNACKS DOLCI BASE CEREALE,96509151,Fuori Pasto Dolci,DROGHERIA,5836,29392,0.0015508853,0.0013341709
211,SNACKS DOLCI BASE WAFER,42435300,Fuori Pasto Dolci,DROGHERIA,6170,33788,0.001639644,0.0015337155
211,SOSTITUT.LATTE UHT-LATTE SOIA,20443328,LATTICINI UHT E ASSIM.,DROGHERIA,4414,22988,0.0011729965,0.0010434785
211,SOSTITUT.PANE FRESCO FOCACCIA,52519409,Altri Prodotti Freschi,Fresco,4271,23926,0.0011349951,0.0010860565
211,STOVIGLIE MANO LIQU.ALTRE PROF,69965380,Detergenti Stoviglie,Cura Casa,5803,28137,0.0015421157,0.0012772036
211,SUCCHI 100% BRICK > 21 CL,32841385,Succhi Di Frutta,Bevande,3894,28004,0.0010348093,0.0012711664
211,SUGHI PRONTI BASI BASE POMODORO,45322762,"Sughi,salse e Condimenti",DROGHERIA,7514,46085,0.0019968047,0.0020919048
211,SUGHI PRONTI FRESCHI PESTO,38967877,Piatti Pronti/specialita,Fresco,6462,39038,0.0017172414,0.0017720252
211,Sale Grosso,58457814,Insaporitori,DROGHERIA,7014,29975,0.0018639324,0.0013606346
211,Salumi Quadr.Pancetta Affumic,47752116,Salumi,Fresco,3183,25051,0.000845865,0.0011371229
211,Stoviglie Mano Liquido Normale,16032664,Detergenti Stoviglie,Cura Casa,6809,34296,0.0018094548,0.0015567748
211,Surg.vegetali Zuppe Minestr.,9794987,Surgelati,Freddo,3683,22546,0.0009787372,0.0010234151
211,Surgelati Pizza Classica,64829506,Surgelati,Freddo,4810,27897,0.0012782314,0.0012663094
211,TAV.BARR.CIOCCOLATO FONDENTE,44301377,Fuori Pasto Dolci,DROGHERIA,10776,46621,0.0028636635,0.0021162351
211,TAV.BARR.CIOCCOLATO LATTE,78350478,Fuori Pasto Dolci,DROGHERIA,9160,40883,0.0024342202,0.001855774
211,TONNO SOTT' OLIO LATTA,88078619,Conserve Animali,DROGHERIA,20939,109225,0.0055644255,0.0049579756
211,Tovaglioli Di Carta 2 Veli,64534517,USA E GETTA,Cura Casa,8753,43670,0.0023260622,0.0019822824
211,UOVA DI GALLINA ALLEV.A TERRA,39349448,Uova Fresche,Fresco,8637,61220,0.0022952358,0.0027789175
211,UOVA GALLINA ALLEV.IN BATTERIA,40883085,Uova Fresche,Fresco,28827,113399,0.0076606187,0.0051474431
211,UVA BIANCA SFUSA,85477997,FRUTTA,ORTOFRUTTA,10824,61147,0.0028764192,0.0027756039
211,Vino Comune Ital.Brick >50 Cl,1118286,Vino,Bevande,8417,48173,0.002236772,0.002186684
211,Vino Comune Ital.Vetro 0-75 Cl,43819499,Vino,Bevande,4166,20874,0.0011070919,0.0009475192
211,Vino Doc/docg Italiano Bianco,80569809,Vino,Bevande,6141,37171,0.0016319374,0.0016872777
211,Vino Doc/docg Italiano Rosso,7640627,Vino,Bevande,15174,73419,0.0040324081,0.0033326583
211,WURSTEL PURO SUINO,53822787,Precotti,Fresco,7326,39990,0.0019468447,0.0018152387
211,Wafers Semplici,52620069,PROD. FORNO E CEREALI,DROGHERIA,8362,35210,0.0022221561,0.0015982634
211,Wurstel Avicunicoli,50993151,Precotti,Fresco,9188,51738,0.0024416611,0.0023485076
211,YOGURT FUNZION.RINFORZA/DIFESA,35258972,Yogurt,Fresco,7121,35452,0.0018923671,0.0016092483
211,YOGURT FUNZIONALE REGOLARITA,66705147,Yogurt,Fresco,8408,53571,0.0022343803,0.0024317117
211,YOGURT INTERO ALTRI GUSTI,37724208,Yogurt,Fresco,15447,70065,0.0041049563,0.0031804125
211,YOGURT INTERO BIANCO,1613027,Yogurt,Fresco,5994,32155,0.0015928729,0.0014595899
211,YOGURT INTERO FRUTTA,50398457,Yogurt,Fresco,31817,158618,0.0084551949,0.0072000382
211,YOGURT MAGRO BIANCO,42080466,Yogurt,Fresco,6509,35907,0.0017297314,0.0016299018
211,YOGURT MAGRO FRUTTA,46357939,Yogurt,Fresco,10321,55335,0.0027427497,0.0025117837
211,Yogurt Bicompartim.Altri Gusti,54357601,Yogurt,Fresco,15702,82883,0.0041727212,0.0037622512
211,ZUCCHERO DA BARBIET.,74572944,Ingredienti Base,DROGHERIA,32890,124031,0.0087403389,0.0056300542
211,ZUCCHINE SFUSE,32132477,VERDURA,ORTOFRUTTA,11855,67761,0.0031504019,0.0030758286
220,ACCES.TAVOLA USA GETTA BICCH.,69624376,USA E GETTA,Cura Casa,4541,24455,0.0008761937,0.0011100691
220,ACCES.TAVOLA USA GETTA PIATTI,33504769,USA E GETTA,Cura Casa,4255,25129,0.0008210095,0.0011406635
220,ACQUA EFFERVESCENTE NATURALE  ACQUA EFFERV.NATUR. 101-150 CL,2679404,Acqua,Bevande,18884,91180,0.0036437,0.0041388713
220,ACQUA GASSATA ACQUA GASSATA   0-50 CL.,66317038,Acqua,Bevande,2902,22841,0.0005599459,0.0010368059
220,ACQUA GASSATA ACQUA GASSATA   101-150 CL.,11625730,Acqua,Bevande,140688,620040,0.0271459896,0.0281450508
220,ACQUA LIEV.GASSATA-ACQUA LIEV.GASSATA 101-150 CL.,46394353,Acqua,Bevande,25681,137012,0.0049551928,0.0062192918
220,ACQUA NON GASSATA 0-50 CL,96152145,Acqua,Bevande,7279,46934,0.0014044955,0.0021304429
220,ACQUA NON GASSATA 101-150 CL,58256490,Acqua,Bevande,813882,2212575,0.1570399202,0.1004339006
220,ACQUA NON GASSATA 151-200 CL,85414295,Acqua,Bevande,3972,29086,0.0007664042,0.0013202809
220,ACQUA NON GASSATA 51-100 CL,55883936,Acqua,Bevande,4110,20824,0.0007930315,0.0009452496
220,AGLIO (PI) BIANCO,37233855,VERDURA,ORTOFRUTTA,3864,23750,0.0007455654,0.0010780675
220,ALBICOCCHE SFUSE,31149953,FRUTTA,ORTOFRUTTA,5136,26617,0.000991,0.0012082072
220,ALTRI FORM.FRESCHI TOMINI,81146740,Formaggi,Fresco,9296,47230,0.0017936791,0.002143879
220,ALTRI PIATTI PRONTI           SECONDI PIATTI RICOMPOSTI,51744635,Piatti Pronti/specialita,Fresco,21725,107460,0.0041918758,0.0048778581
220,ALTRI PIATTI PRONTI INSALATE,90955358,Piatti Pronti/specialita,Fresco,9770,37328,0.0018851382,0.0016944043
220,AMMORBIDENTI TRADIZIONALE,33883865,Cura Tessuti,Cura Casa,7317,27857,0.0014118276,0.0012644937
220,ANGURIE SFUSE,40851917,FRUTTA,ORTOFRUTTA,4182,28287,0.000806924,0.0012840124
220,AROMI ED ERBE FRESCHE SFUSE,67238837,VERDURA,ORTOFRUTTA,5240,19654,0.0010110669,0.0008921406
220,ASCIUGAMA.ROTOLI CARTA NORMALI,57644540,USA E GETTA,Cura Casa,10468,46611,0.0020198185,0.0021157812
220,Aceto Standard,97343759,Olio Aceto Succo Limone,DROGHERIA,6030,27097,0.0011634988,0.0012299956
220,Affettati Arrosti,79069241,Salumi,Fresco,7391,28533,0.0014261061,0.0012951789
220,Affettati Bresaola,38021642,Salumi,Fresco,8110,40377,0.0015648383,0.0018328055
220,Affettati Mortadella,89192625,Salumi,Fresco,7879,30401,0.0015202665,0.0013799718
220,Affettati Prosciutto Cotto,10014488,Salumi,Fresco,36486,160267,0.0070400359,0.0072748901
220,Affettati Prosciutto Crudo,27531662,Salumi,Fresco,12052,57694,0.002325454,0.0026188642
220,Affettati Salame,79542966,Salumi,Fresco,9220,37830,0.0017790147,0.0017171913
220,Altre Bevande Gass.Altri Gusti,93605270,Bevande Gassate,Bevande,4645,23824,0.0008962607,0.0010814265
220,Altre Bevande Gassate Chinotto,33922227,Bevande Gassate,Bevande,3955,21338,0.000763124,0.0009685812
220,Altre Bevande Gassate Limonata,1875940,Bevande Gassate,Bevande,5852,25956,0.0011291534,0.0011782029
220,Altre Bevande Gassate Tonica,52490212,Bevande Gassate,Bevande,4071,20080,0.0007855064,0.0009114777
220,Aranciata Zucchero,96135750,Bevande Gassate,Bevande,10353,56463,0.001997629,0.0025629863
220,Assorbenti Esterni Ultra,36849696,Igienico Sanitari,Cura Persona,7481,37440,0.0014434717,0.0016994883
220,BANANE SFUSE,11721148,FRUTTA,ORTOFRUTTA,27995,131282,0.005401683,0.0059591939
220,BEV.FRUTTA 12-29% PET  >20CL,27999283,Succhi Di Frutta,Bevande,3867,26841,0.0007461442,0.0012183751
220,BEV.FRUTTA 30-99% BRIC>20CL,27577819,Succhi Di Frutta,Bevande,5392,28219,0.0010403956,0.0012809257
220,BEV.FRUTTA 30-99% PET >20CL,46404401,Succhi Di Frutta,Bevande,5472,25534,0.0010558317,0.0011590474
220,BEVANDE BASE THE DETEINATO,5011549,Bevande Piatte,Bevande,3976,21617,0.000767176,0.0009812457
220,BEVANDE BASE THE NORMALE,56691688,Bevande Piatte,Bevande,34717,175995,0.0066987044,0.0079888204
220,BIRRE ALCOLICHE BIONDA/CHIARA7LIGHT SOTTO I 6 GRADI,68970504,Birre,Bevande,97915,387457,0.0188928663,0.0175875701
220,BORSE HD,10966944,BORSE SPESA,MAT.CONSUMO/PREMI/BUONI SCONTO,112274,307836,0.0216634598,0.0139733886
220,BUCATO LAVATR./BIVAL.LIQU./GEL,44339731,Detergenza Bucato,Cura Casa,12521,51673,0.0024159483,0.0023455571
220,Bagno/doccia Schiuma Bagnosch.,48185630,Igiene Personale,Cura Persona,9661,37832,0.0018641064,0.001717282
220,Bagno/doccia Schiuma Docciasch,37610832,Igiene Personale,Cura Persona,3729,21228,0.0007195169,0.0009635881
220,Basi Pasta Sfoglia,11084262,Altri Prodotti Freschi,Fresco,9701,51225,0.0018718245,0.0023252213
220,Biscotti Frollini Arricchiti,68636643,PROD. FORNO E CEREALI,DROGHERIA,19565,93637,0.0037751001,0.0042504002
220,Biscotti Frollini Classici,43651809,PROD. FORNO E CEREALI,DROGHERIA,26365,131562,0.0050871717,0.0059719037
220,Biscotti Frollini Integrali,56773023,PROD. FORNO E CEREALI,DROGHERIA,5610,31547,0.0010824591,0.0014319914
220,Burro Normale,64571558,Condimenti Freschi,Fresco,16575,88670,0.0031981745,0.0040249365
220,CAFFE' MACINATO NORMALE,95755415,Preparati Bevande Calde,DROGHERIA,17354,74467,0.0033484839,0.0033802295
220,CARAMELLE DURE/RIPIENE,24901164,Fuori Pasto Dolci,DROGHERIA,12698,62627,0.0024501008,0.0028427845
220,CARAMELLE GOMMOSE,26356892,Fuori Pasto Dolci,DROGHERIA,5956,32361,0.0011492204,0.0014689407
220,CARNE BIANCA POLLAME POLLO,47357445,CARNE BIANCA,CARNE,29014,117810,0.0055983008,0.0053476686
220,CARNE BIANCA TACCHINO,4368772,CARNE BIANCA,CARNE,4651,22965,0.0008974184,0.0010424345
220,CARNE ROSSA BOVINO ADULTO,46508794,CARNE ROSSA,CARNE,40985,126307,0.0079081257,0.0057333671
220,CARNE ROSSA SUINO,3277462,CARNE ROSSA,CARNE,13452,51935,0.0025955863,0.0023574499
220,CAROTE (PI) CAROTE,35605830,VERDURA,ORTOFRUTTA,4123,27956,0.0007955399,0.0012689875
220,CAROTE SFUSE,65302358,VERDURA,ORTOFRUTTA,8798,41334,0.0016975891,0.0018762459
220,CETRIOLI SFUSI,63535514,VERDURA,ORTOFRUTTA,4862,18612,0.0009381312,0.0008448418
220,CIPOLLE SFUSE,33438996,VERDURA,ORTOFRUTTA,4984,27805,0.0009616713,0.0012621333
220,CONFETTURE/SPALMABILI FRUTTA  NORMALI VASETTO,25821900,Spalmabili Dolci,DROGHERIA,6804,30856,0.0013128434,0.0014006253
220,CREME SPALMABILI DOLCI BARATTOLO,38435072,Spalmabili Dolci,DROGHERIA,6793,28484,0.0013107209,0.0012929547
220,Candeggina Classica,71950625,Cura Tessuti,Cura Casa,9052,35880,0.0017465988,0.0016286762
220,Carne In Scatola Con Gelatina,23689609,Conserve Animali,DROGHERIA,10238,34567,0.0019754396,0.0015690761
220,Carta Igienica Normale,22657999,Igienico Sanitari,Cura Persona,12690,60073,0.0024485571,0.0027268525
220,Carta Igienica Rotoloni,92252188,Igienico Sanitari,Cura Persona,13716,56486,0.0026465256,0.0025640303
220,Cereali Prima Colaz.Arricchiti,287710,PROD. FORNO E CEREALI,DROGHERIA,7078,31582,0.0013657122,0.0014335801
220,Cola No Zucchero/rcc,52010543,Bevande Gassate,Bevande,4570,22643,0.0008817893,0.0010278182
220,Cola Zucchero,21338132,Bevande Gassate,Bevande,26208,117282,0.0050568783,0.0053237014
220,Conservazione Contenitori vetr,1591060,Casalingo,BAZAR LEGGERO,8133,62343,0.0015692762,0.0028298931
220,Crescenza Normale,77132956,Formaggi,Fresco,18822,88781,0.003631737,0.0040299751
220,DEODORANTI/ANTIODORE PERSONA  FUNZIONALI,94346029,Igiene Personale,Cura Persona,11069,40560,0.0021357824,0.0018411123
220,Dentifrici Generici,18265177,Igiene Orale,Cura Persona,5461,25244,0.0010537093,0.0011458836
220,Dentifrici Protezione Completa,88791847,Igiene Orale,Cura Persona,5342,25678,0.001030748,0.0011655839
220,FAZZOLETTI DI CARTA PACCHETTO,40096633,Igienico Sanitari,Cura Persona,10026,38206,0.0019345338,0.0017342588
220,FETTE BISCOTTATE LAGACCIO,74393446,PROD. FORNO E CEREALI,DROGHERIA,4553,25520,0.0008785091,0.0011584119
220,FINOCCHIO SFUSI,67480441,VERDURA,ORTOFRUTTA,7639,26927,0.0014739581,0.0012222789
220,FRAGOLE NAZIONALI,14884513,FRUTTA,ORTOFRUTTA,6596,32487,0.0012727095,0.0014746601
220,FRUTTA CONS.PUREA DI FRUTTA,91125928,FRUTTA CONSERVATA,DROGHERIA,5349,37819,0.0010320987,0.0017166919
220,Farine Grano Tenero,54507616,Ingredienti Base,DROGHERIA,13875,66667,0.0026772049,0.0030261694
220,Fette Biscottate Normali,14593605,PROD. FORNO E CEREALI,DROGHERIA,8054,31248,0.001554033,0.001418419
220,Formag.Freschi Ind.Spalmabili,26330685,Formaggi,Fresco,13886,63574,0.0026793274,0.002885771
220,Formag.Tavola A Crosta Fiorita,22674355,Formaggi,Fresco,5937,28891,0.0011455543,0.0013114294
220,Formag.Tavola Altri Da Tavola,3689929,Formaggi,Fresco,16517,87728,0.0031869833,0.003982177
220,Formag.Tavola Fontina/fontal,34810487,Formaggi,Fresco,8762,45036,0.0016906428,0.0020442883
220,Formag.Tavola Gorgonzola,71275307,Formaggi,Fresco,12171,65975,0.0023484152,0.002994758
220,Formag.Tavola Maasdam,85754601,Formaggi,Fresco,7724,36791,0.001490359,0.0016700286
220,Fusi In Fette Normale,56879274,Formaggi,Fresco,13504,62964,0.0026056198,0.0028580817
220,GELATI VASCH. DA 300 A 600  GR,24987128,Gelati,Freddo,8407,44070,0.001622145,0.0020004393
220,GRISSINI CLASSICI,44545043,Pane e Sostitutivi,DROGHERIA,30141,118340,0.0058157574,0.0053717265
220,Gelati Multipack Cono,20426951,Gelati,Freddo,7647,35057,0.0014755017,0.0015913184
220,Gelati Multipack Stecco,24702461,Gelati,Freddo,4582,21465,0.0008841047,0.000974346
220,Gomme Da Masticare Senza Zucch.,90546497,Fuori Pasto Dolci,DROGHERIA,8032,40842,0.0015497881,0.0018539129
220,Grana E Simili Grattugiato,58030926,Formaggi,Fresco,46528,165792,0.008977657,0.0075256826
220,Grana E Simili Pezzi Interi,3771847,Formaggi,Fresco,19549,96153,0.0037720129,0.0043646072
220,INSALATE MISTE (PI) IV GAMMA,72697794,VERDURA,ORTOFRUTTA,18987,68497,0.003663574,0.0031092374
220,INSALATE TENERE(PI)IV GAMMA,55568282,VERDURA,ORTOFRUTTA,21860,78284,0.0042179243,0.003553492
220,INTEGRATORI/ACQUE AROMATIZZAT INTEGRATORI SALINI,80737326,Bevande Piatte,Bevande,6012,28754,0.0011600257,0.0013052106
220,LATTE FRESCO ALTA QUALITA',20950929,Latte e Panna Fresca,Fresco,5917,20383,0.0011416952,0.0009252315
220,LATTE FRESCO LATTE MICROFILTRATO ALTA DIGERIBILITA',28509230,Latte e Panna Fresca,Fresco,4304,20923,0.0008304641,0.0009497434
220,LATTUGA SFUSA,51610679,VERDURA,ORTOFRUTTA,15491,58126,0.0029890149,0.0026384737
220,LIEVITO DI BIRRA,78874567,Altri Prodotti Freschi,Fresco,5463,26874,0.0010540952,0.0012198731
220,Latte Fresco Intero,96278283,Latte e Panna Fresca,Fresco,10914,50317,0.0021058749,0.0022840051
220,Latte Fresco Parz. Scremato,77012854,Latte e Panna Fresca,Fresco,16050,54661,0.0030968749,0.0024811893
220,Latte Uht Intero,50458368,LATTICINI UHT E ASSIM.,DROGHERIA,17482,109950,0.0033731817,0.004990885
220,Latte Uht Parzialm. Scremato,81059960,LATTICINI UHT E ASSIM.,DROGHERIA,89373,472850,0.0172446728,0.021463756
220,Latte Uht Scremato,64548417,LATTICINI UHT E ASSIM.,DROGHERIA,4800,25268,0.0009261682,0.001146973
220,MELANZANE SFUSE,23585774,VERDURA,ORTOFRUTTA,7483,30812,0.0014438576,0.001398628
220,MELE GOLDEN SFUSE,47306316,FRUTTA,ORTOFRUTTA,6464,27810,0.0012472398,0.0012623603
220,MELONI SFUSI,6241215,FRUTTA,ORTOFRUTTA,16185,80259,0.0031229234,0.0036431418
220,MERENDINE CROISSANT,68153127,PROD. FORNO E CEREALI,DROGHERIA,10544,46555,0.0020344828,0.0021132392
220,MERENDINE TRANCINI,60035825,PROD. FORNO E CEREALI,DROGHERIA,18985,70003,0.0036631881,0.0031775982
220,Maionese Normale,17481126,"Sughi,salse e Condimenti",DROGHERIA,11445,60683,0.0022083323,0.0027545418
220,Mozzarelle Bufala,68465968,Formaggi,Fresco,4587,22255,0.0008850695,0.001010206
220,Mozzarelle Latte Vaccino,90208639,Formaggi,Fresco,56166,259359,0.0108373255,0.0117729053
220,NETTARI E SIMILI BRIK<=20CL,18839585,Succhi Di Frutta,Bevande,9987,52491,0.0019270087,0.002382688
220,NETTARI E SIMILI PET >20CL,69929643,Succhi Di Frutta,Bevande,5212,28625,0.0010056643,0.001299355
220,NETTARINE SFUSE BIANCHE/GIALLE,25802672,FRUTTA,ORTOFRUTTA,11963,47219,0.0023082813,0.0021433797
220,NUTRIZIONE CANE UMIDO,45662665,PET CARE CANE,PET CARE,21764,120627,0.0041994009,0.0054755387
220,NUTRIZIONE GATTO SECCO,41436437,PET CARE GATTO,PET CARE,4275,33617,0.0008248685,0.0015259534
220,NUTRIZIONE GATTO UMIDO,97376269,PET CARE GATTO,PET CARE,60905,337447,0.0117517236,0.0153175004
220,OLIO DI OLIVA DA 76 CL-100  CL,71781717,Olio Aceto Succo Limone,DROGHERIA,13107,49058,0.002529018,0.0022268562
220,OLIO EXTRAVER.DI OLIVA NORMALI,35838567,Olio Aceto Succo Limone,DROGHERIA,8518,36910,0.0016435626,0.0016754303
220,OLIVE NERE,83413489,VEGETALI CONSERVATI,DROGHERIA,5082,22121,0.0009805806,0.0010041234
220,PANE FRESCO,61878801,PANE E PANIFICATI FRESCHI,Fresco,100188,458147,0.0193314455,0.0207963528
220,PANE INDUSTRIALE MEDIA-LUNGA BIANCO,77688194,Pane e Sostitutivi,DROGHERIA,9998,33271,0.0019291312,0.0015102477
220,PANETTI CROCCANTI GALLETTE,82595904,Pane e Sostitutivi,DROGHERIA,4281,21338,0.0008260263,0.0009685812
220,PASSATO DI POMODORO BOTT.VASO,26149724,DERIVATI DEL POMODORO,DROGHERIA,24876,78101,0.0047998666,0.0035451852
220,PASTA SEMOLA NORM.ASCIUT.CORTA,92516781,Pasta,DROGHERIA,48532,215221,0.0093643322,0.0097693794
220,PASTA SEMOLA NORM.ASCIUT.LUNGA,35990927,Pasta,DROGHERIA,24614,125213,0.0047493133,0.0056837079
220,PASTICCERIA FRESCA,29432951,PANE E PANIFICATI FRESCHI,Fresco,20006,51139,0.0038601918,0.0023213176
220,PATATE (PI) ALTRE,18663234,VERDURA,ORTOFRUTTA,9653,37883,0.0018625628,0.0017195971
220,PEPERONI SFUSI,56235578,VERDURA,ORTOFRUTTA,10599,58146,0.0020450951,0.0026393815
220,PESCE FRESCO DA SPINA INTERI,93176735,PESCE FRESCO,PESCE,11256,56819,0.0021718644,0.0025791459
220,PESCHE SFUSE,82824815,FRUTTA,ORTOFRUTTA,13953,63311,0.0026922552,0.0028738328
220,PICCOLE SUPERFICI SGRASSATORI,68062505,Detergenti Superfici,Cura Casa,7252,31653,0.0013992858,0.0014368029
220,POLPA DI POMODORO LATTINA,58941795,DERIVATI DEL POMODORO,DROGHERIA,11658,51074,0.002249431,0.0023183671
220,POMODORI (PI) CILIEGINO,37130126,VERDURA,ORTOFRUTTA,6131,21252,0.0011829869,0.0009646775
220,POMODORI SFUSI,88417069,VERDURA,ORTOFRUTTA,20564,112016,0.0039678589,0.0050846655
220,PREPARATI CARNE TRITA BOVINO,76277893,PREPARATI,CARNE,16957,56490,0.0032718821,0.0025642119
220,PREPARATI CRUDI POLLAME,77392600,PREPARATI,CARNE,9433,36435,0.0018201134,0.001653869
220,PREPARATI PER BRODO TAVOLETTA,2304709,Insaporitori,DROGHERIA,6305,28752,0.0012165605,0.0013051198
220,PREPARATI PER DESSERT/BUDINI  CREME DA TAVOLA,90416260,Ingredienti Base,DROGHERIA,7585,48792,0.0014635387,0.0022147818
220,PREPARATI PRECOTTI POLLAME,48673450,PREPARATI,CARNE,6455,27524,0.0012455033,0.0012493781
220,PREPARATI SALSICCIA SUINO,94644082,PREPARATI,CARNE,13043,52298,0.0025166691,0.0023739273
220,Panetti Croccanti Altri Tipi,88614303,Pane e Sostitutivi,DROGHERIA,5240,23514,0.0010110669,0.0010673549
220,Panna Uht Da Cucina,49810232,LATTICINI UHT E ASSIM.,DROGHERIA,9606,51340,0.0018534941,0.0023304414
220,Pasta Fre.Non Rip. Gnocchi,9695733,Pasta Fresca,Fresco,7362,37816,0.0014205105,0.0017165558
220,Pasta Fre.Non Rip.Pasta Uovo,71303463,Pasta Fresca,Fresco,9013,33608,0.0017390737,0.0015255449
220,Pasta Semola Brodi/minestrine,11838984,Pasta,DROGHERIA,8304,46472,0.001602271,0.0021094716
220,Pasta Semola Specialita Corta,97529522,Pasta,DROGHERIA,12919,68801,0.0024927431,0.0031230366
220,Pasticceria Altra Unitipo,83809081,PROD. FORNO E CEREALI,DROGHERIA,4928,34578,0.000950866,0.0015695755
220,Patatine Normali,19997938,Fuori Pasto Salati,DROGHERIA,7302,32032,0.0014089334,0.0014540066
220,Quaderni e blocchi,81598410,Cancelleria,BAZAR LEGGERO,3596,19396,0.0006938543,0.0008804293
220,REGALI CONCORSI COLLEZIONAMEN.,7673755,CODICI OPERATIVI,MAT.CONSUMO/PREMI/BUONI SCONTO,66632,291126,0.0128567581,0.013214883
220,RICOTT.VACCINA DA 101 A 250 GR,31312918,Formaggi,Fresco,9582,35080,0.0018488632,0.0015923624
220,ROTOLI CARTA MAXI,74466173,USA E GETTA,Cura Casa,7143,40029,0.001378254,0.001817009
220,SAL.INTER/TRANCI MORTADELLA,61731074,Salumi,Fresco,14660,42368,0.002828672,0.0019231816
220,SALUMI INTERI/TRANCI ALTRI,21170166,Salumi,Fresco,11972,47907,0.0023100178,0.0021746096
220,SALUMI INTERI/TRANCI ARROSTI,22211191,Salumi,Fresco,8292,26564,0.0015999555,0.0012058014
220,SALUMI INTERI/TRANCI COTTO,22783048,Salumi,Fresco,48632,170597,0.0093836274,0.0077437927
220,SALUMI INTERI/TRANCI CRUDO,45465460,Salumi,Fresco,35587,116741,0.0068665724,0.0052991442
220,SALUMI INTERI/TRANCI SALAME,88597019,Salumi,Fresco,16561,64051,0.0031954732,0.0029074231
220,SAPONI PERSONA LIQUIDI,25820799,Igiene Personale,Cura Persona,7173,31915,0.0013840426,0.0014486957
220,SNACKS DOLCI BASE CEREALE,96509151,Fuori Pasto Dolci,DROGHERIA,5273,29392,0.0010174343,0.0013341709
220,SNACKS DOLCI BASE WAFER,42435300,Fuori Pasto Dolci,DROGHERIA,7438,33788,0.0014351748,0.0015337155
220,SOSTITUT.LATTE UHT-LATTE SOIA,20443328,LATTICINI UHT E ASSIM.,DROGHERIA,4400,22988,0.0008489875,0.0010434785
220,SOSTITUT.PANE FRESCO FOCACCIA,52519409,Altri Prodotti Freschi,Fresco,1526,23926,0.0002944443,0.0010860565
220,STOVIGLIE MANO LIQU.ALTRE PROF,69965380,Detergenti Stoviglie,Cura Casa,4848,28137,0.0009354299,0.0012772036
220,SUCCHI 100% BRICK > 21 CL,32841385,Succhi Di Frutta,Bevande,5129,28004,0.0009896493,0.0012711664
220,SUGHI PRONTI BASI BASE POMODORO,45322762,"Sughi,salse e Condimenti",DROGHERIA,10033,46085,0.0019358845,0.0020919048
220,SUGHI PRONTI FRESCHI PESTO,38967877,Piatti Pronti/specialita,Fresco,12781,39038,0.0024661158,0.0017720252
220,Sale Grosso,58457814,Insaporitori,DROGHERIA,5026,29975,0.0009697753,0.0013606346
220,Salumi Quadr.Pancetta Affumic,47752116,Salumi,Fresco,7059,25051,0.0013620461,0.0011371229
220,Stoviglie Mano Liquido Normale,16032664,Detergenti Stoviglie,Cura Casa,9281,34296,0.0017907848,0.0015567748
220,Surg.vegetali Zuppe Minestr.,9794987,Surgelati,Freddo,5184,22546,0.0010002616,0.0010234151
220,Surgelati Pizza Classica,64829506,Surgelati,Freddo,6891,27897,0.0013296302,0.0012663094
220,TAV.BARR.CIOCCOLATO FONDENTE,44301377,Fuori Pasto Dolci,DROGHERIA,8598,46621,0.0016589988,0.0021162351
220,TAV.BARR.CIOCCOLATO LATTE,78350478,Fuori Pasto Dolci,DROGHERIA,8040,40883,0.0015513317,0.001855774
220,TONNO SOTT' OLIO LATTA,88078619,Conserve Animali,DROGHERIA,21748,109225,0.0041963137,0.0049579756
220,Tovaglioli Di Carta 2 Veli,64534517,USA E GETTA,Cura Casa,9873,43670,0.0019050122,0.0019822824
220,UOVA DI GALLINA ALLEV.A TERRA,39349448,Uova Fresche,Fresco,14558,61220,0.0028089909,0.0027789175
220,UOVA GALLINA ALLEV.IN BATTERIA,40883085,Uova Fresche,Fresco,24868,113399,0.004798323,0.0051474431
220,UVA BIANCA SFUSA,85477997,FRUTTA,ORTOFRUTTA,12844,61147,0.0024782717,0.0027756039
220,Vino Comune Ital.Brick >50 Cl,1118286,Vino,Bevande,17592,48173,0.0033944064,0.002186684
220,Vino Comune Ital.Vetro 0-75 Cl,43819499,Vino,Bevande,4471,20874,0.0008626871,0.0009475192
220,Vino Doc/docg Italiano Bianco,80569809,Vino,Bevande,6966,37171,0.0013441016,0.0016872777
220,Vino Doc/docg Italiano Rosso,7640627,Vino,Bevande,15459,73419,0.0029828404,0.0033326583
220,WURSTEL PURO SUINO,53822787,Precotti,Fresco,8909,39990,0.0017190067,0.0018152387
220,Wafers Semplici,52620069,PROD. FORNO E CEREALI,DROGHERIA,7559,35210,0.0014585219,0.0015982634
220,Wurstel Avicunicoli,50993151,Precotti,Fresco,13591,51738,0.0026224066,0.0023485076
220,YOGURT FUNZION.RINFORZA/DIFESA,35258972,Yogurt,Fresco,6395,35452,0.0012339262,0.0016092483
220,YOGURT FUNZIONALE REGOLARITA,66705147,Yogurt,Fresco,11477,53571,0.0022145067,0.0024317117
220,YOGURT INTERO ALTRI GUSTI,37724208,Yogurt,Fresco,12752,70065,0.0024605202,0.0031804125
220,YOGURT INTERO BIANCO,1613027,Yogurt,Fresco,5549,32155,0.001070689,0.0014595899
220,YOGURT INTERO FRUTTA,50398457,Yogurt,Fresco,30900,158618,0.0059622077,0.0072000382
220,YOGURT MAGRO BIANCO,42080466,Yogurt,Fresco,7693,35907,0.0014843775,0.0016299018
220,YOGURT MAGRO FRUTTA,46357939,Yogurt,Fresco,13166,55335,0.0025404022,0.0025117837
220,Yogurt Bicompartim.Altri Gusti,54357601,Yogurt,Fresco,23635,82883,0.0045604136,0.0037622512
220,ZUCCHERO DA BARBIET.,74572944,Ingredienti Base,DROGHERIA,20079,124031,0.0038742773,0.0056300542
220,ZUCCHINE SFUSE,32132477,VERDURA,ORTOFRUTTA,16646,67761,0.0032118741,0.0030758286
